fid,ESTABLECIMIENTO,FUNCION_PRINCIPAL,BARRIO,LATITUD,LONGITUD
2241,A.M.I.A.,MONUMENTOS Y LUGARES HISTORICOS,BALVANERA,-34.60194,-58.39972
2242,ADMINISTRACION DE LOS MATADEROS,MONUMENTOS Y LUGARES HISTORICOS,MATADEROS,-34.66182,-58.50106
2243,ADMINISTRACION DE PARQUES NACIONALES,MONUMENTOS Y LUGARES HISTORICOS,RETIRO,-34.59593,-58.37674
2244,ADOLFO ALSINA,MONUMENTOS Y LUGARES HISTORICOS,RECOLETA,-34.58752,-58.39343
2245,AGUARIBAY EN TERRENOS DEL INSTITUTO BERNASCONI,MONUMENTOS Y LUGARES HISTORICOS,PARQUE PATRICIOS,-34.63343,-58.40223
2246,ALTE. GUILLERMO BROWN,MONUMENTOS Y LUGARES HISTORICOS,RECOLETA,-34.58752,-58.39343
2247,ALTOS DE ELORRIAGA,MONUMENTOS Y LUGARES HISTORICOS,MONSERRAT,-34.60994,-58.37209
2248,AMADEO JAQUES,MONUMENTOS Y LUGARES HISTORICOS,RECOLETA,-34.58752,-58.39343
2249,AMBROSIO PLACIDO LEZICA,MONUMENTOS Y LUGARES HISTORICOS,RECOLETA,-34.58752,-58.39343
2250,ANTIGUA CASA CENTRAL DEL BANCO EL HOGAR ARGENTINO,MONUMENTOS Y LUGARES HISTORICOS,SAN NICOLAS,-34.60685,-58.3746
2251,ANTIGUA CASA CENTRAL DEL BANCO HIPOTECARIO,MONUMENTOS Y LUGARES HISTORICOS,SAN NICOLAS,-34.60476,-58.37375
2252,ANTIGUA RESIDENCIA DE DON GREGORIO LEZAMA,MONUMENTOS Y LUGARES HISTORICOS,SAN TELMO,-34.6274,-58.37085
2253,ANTIGUA SEDE DE LA BOLSA DE COMERCIO DE BUENOS AIRES,MONUMENTOS Y LUGARES HISTORICOS,SAN NICOLAS,-34.60492,-58.37373
2254,ANTIGUO CONGRESO,MONUMENTOS Y LUGARES HISTORICOS,MONSERRAT,-34.60931,-58.37078
2255,ANTONIO SAENZ,MONUMENTOS Y LUGARES HISTORICOS,RECOLETA,-34.58752,-58.39343
2256,ARCHIVO HISTORICO DEL CEMENTERIO DE LA CHACARITA,MONUMENTOS Y LUGARES HISTORICOS,CHACARITA,-34.58778,-58.45639
2257,ARCHIVO HISTORICO DEL CREMATORIO MUNICIPAL,MONUMENTOS Y LUGARES HISTORICOS,CHACARITA,-34.58723,-58.45585
2258,ARCHIVOS DE PLANO DE REDES,MONUMENTOS Y LUGARES HISTORICOS,BALVANERA,-34.59969,-58.395
2259,AREA RETIRO,MONUMENTOS Y LUGARES HISTORICOS,RETIRO,-34.59194,-58.37389
2260,ARISTOBULO DEL VALLE,MONUMENTOS Y LUGARES HISTORICOS,RECOLETA,-34.58752,-58.39343
2261,ASOCIACION ARGENTINA DE ACTORES,MONUMENTOS Y LUGARES HISTORICOS,BARRACAS,-34.64911,-58.39161
2262,AVENIDA DE MAYO,MONUMENTOS Y LUGARES HISTORICOS,MONSERRAT,-34.60892,-58.37944
2263,BANCO DE LA NACION ARGENTINA,MONUMENTOS Y LUGARES HISTORICOS,SAN NICOLAS,-34.60614,-58.37159
2264,BANCO DE LA PROVINCIA DE BUENOS AIRES,MONUMENTOS Y LUGARES HISTORICOS,SAN NICOLAS,-34.60639,-58.37367
2265,BANCO DE LA PROVINCIA DE BUENOS AIRES,MONUMENTOS Y LUGARES HISTORICOS,SAN NICOLAS,-34.60637,-58.37367
2266,BANCO HIPOTECARIO,MONUMENTOS Y LUGARES HISTORICOS,SAN NICOLAS,-34.60623,-58.37229
2267,BARRACA PEÑA,MONUMENTOS Y LUGARES HISTORICOS,BOCA,-34.63812014,-58.35666678
2268,BASILICA DEL PILAR,MONUMENTOS Y LUGARES HISTORICOS,RECOLETA,-34.58859,-58.39164
2269,BASILICA SAGRADO CORAZON DE JESUS,MONUMENTOS Y LUGARES HISTORICOS,BARRACAS,-34.65028,-58.38917
2270,BENJAMIN PAZ,MONUMENTOS Y LUGARES HISTORICOS,RECOLETA,-34.58752,-58.39343
2271,BERNARDINO RIVADAVIA,MONUMENTOS Y LUGARES HISTORICOS,BALVANERA,-34.60972,-58.4075
2272,BERNARDO MONTEAGUDO,MONUMENTOS Y LUGARES HISTORICOS,RECOLETA,-34.58752,-58.39343
2273,BIBLIOTECA POPULAR ALBERDI,MONUMENTOS Y LUGARES HISTORICOS,RECOLETA,-34.58752,-58.39343
2274,BIBLIOTECA POPULAR CORNELIO SAAVEDRA,MONUMENTOS Y LUGARES HISTORICOS,SAAVEDRA,-34.5490288,-58.4725805
2275,BOVEDA QUE GUARDA LOS RESTOS DE CARLOS GARDEL,MONUMENTOS Y LUGARES HISTORICOS,CHACARITA,-34.58723,-58.45585
2276,CABILDO DE LA CIUDAD DE BUENOS AIRES,MONUMENTOS Y LUGARES HISTORICOS,MONSERRAT,-34.60863,-58.37346
2277,CAIDOS EN LA REVOLUCION DE 1890-L.N.ALEM Y H.YRIGOYEN,MONUMENTOS Y LUGARES HISTORICOS,RECOLETA,-34.58752,-58.39343
2278,CAMPO DE DEPORTES DEL BUENOS AIRES CRICKET CLUB,MONUMENTOS Y LUGARES HISTORICOS,PALERMO,-34.57,-58.41222
2279,CANONIGO DIEGO ESTANISLAO ZAVALETA,MONUMENTOS Y LUGARES HISTORICOS,SAN NICOLAS,-34.60763,-58.3732
2280,CANONIGO JOSE EUSEBIO DE AGUERO,MONUMENTOS Y LUGARES HISTORICOS,SAN NICOLAS,-34.60763,-58.3732
2281,CANONIGO JULIAN SEGUNDO AGUERO,MONUMENTOS Y LUGARES HISTORICOS,SAN NICOLAS,-34.60763,-58.3732
2282,CAP.DE MARINA ALEJANDRO MURATURE,MONUMENTOS Y LUGARES HISTORICOS,RECOLETA,-34.58752,-58.39343
2283,CAPILLA DE SAN ROQUE,MONUMENTOS Y LUGARES HISTORICOS,MONSERRAT,-34.61496,-58.37178
2284,CAPILLA DEL CEMENTERIO BRITANICO,MONUMENTOS Y LUGARES HISTORICOS,CHACARITA,-34.59028,-58.46556
2285,CARLOS PELLEGRINI,MONUMENTOS Y LUGARES HISTORICOS,RECOLETA,-34.58752,-58.39343
2286,CASA CARABASSA,MONUMENTOS Y LUGARES HISTORICOS,PALERMO,-34.5806,-58.41458
2287,CASA DE CARLOS GARDEL,MONUMENTOS Y LUGARES HISTORICOS,BALVANERA,-34.60163,-58.40795
2288,CASA DE ESTUDIOS PARA ARTISTAS,MONUMENTOS Y LUGARES HISTORICOS,RETIRO,-34.59778,-58.37972
2289,CASA DE GOBIERNO (CASA ROSADA),MONUMENTOS Y LUGARES HISTORICOS,MONSERRAT,-34.60828,-58.37084
2290,CASA DE LA MONEDA,MONUMENTOS Y LUGARES HISTORICOS,MONSERRAT,-34.61514,-58.37175
2291,CASA DE LAS ACADEMIAS NACIONALES,MONUMENTOS Y LUGARES HISTORICOS,RECOLETA,-34.58857,-58.38778
2292,CASA DE LINIERS,MONUMENTOS Y LUGARES HISTORICOS,MONSERRAT,-34.61368,-58.37283
2293,CASA DE MANSILLA,MONUMENTOS Y LUGARES HISTORICOS,BELGRANO,-34.55639,-58.45361
2294,CASA DE MARIA JOSEFA EZCURRA DE EZCURRA,MONUMENTOS Y LUGARES HISTORICOS,MONSERRAT,-34.61018,-58.37283
2295,CASA DEL CMTE.TOMAS ESPORA,MONUMENTOS Y LUGARES HISTORICOS,PARQUE PATRICIOS,-34.63572,-58.39772
2296,CASA DEL DR. BALDOMERO FERNANDEZ MORENO,MONUMENTOS Y LUGARES HISTORICOS,FLORES,-34.634991,-58.459952
2297,CASA DEL DR. BERNARDO ALBERTO HOUSSAY,MONUMENTOS Y LUGARES HISTORICOS,BALVANERA,-34.60082,-58.40551
2298,CASA DEL GRAL. MIGUEL DE AZCUENAGA,MONUMENTOS Y LUGARES HISTORICOS,SAN NICOLAS,-34.60792,-58.37235
2299,CASA DEL TEATRO,MONUMENTOS Y LUGARES HISTORICOS,RETIRO,-34.59559,-58.38479
2300,CASA MARCO DEL PONT,MONUMENTOS Y LUGARES HISTORICOS,FLORES,-34.62742,-58.46493
2301,CASA NACIONAL DE LA CULTURA - SEDE DE LA SECRETARIA DE CULTURA DE LA NACION,MONUMENTOS Y LUGARES HISTORICOS,RECOLETA,-34.58941,-58.38703
2302,CASA NATAL DEL GRAL. ANTONIO GONZALEZ BALCARCE,MONUMENTOS Y LUGARES HISTORICOS,MONSERRAT,-34.60945,-58.37077
2303,CASA PROYECTADA POR EL ARQUITECTO ALEJANDRO VIRASORO,MONUMENTOS Y LUGARES HISTORICOS,RECOLETA,-34.58832,-58.40266
2304,CASA QUE HABITO ADOLFO ALSINA,MONUMENTOS Y LUGARES HISTORICOS,MONSERRAT,-34.61088,-58.3829
2305,CASA QUE HABITO DOMINGO F. SARMIENTO,MONUMENTOS Y LUGARES HISTORICOS,SAN NICOLAS,-34.60513,-58.38438
2306,CASA QUE HABITO EL DR. ALFREDO PALACIOS,MONUMENTOS Y LUGARES HISTORICOS,PALERMO,-34.58,-58.42655
2307,CASA QUE HABITO RICARDO ROJAS,MONUMENTOS Y LUGARES HISTORICOS,RECOLETA,-34.59395,-58.40653
2308,CASA Y CAPILLA DE EJERCICIOS ESPIRITUALES Y COLEGIO NUESTRA SENORA DE BELEN - ACTUAL ACADEMIA SUPERI,MONUMENTOS Y LUGARES HISTORICOS,SAN TELMO,-34.62071995,-58.37061693
2309,CATEDRAL ANGLICANA DE SAN JUAN BAUTISTA,MONUMENTOS Y LUGARES HISTORICOS,SAN NICOLAS,-34.60457,-58.37102
2310,CATEDRAL DE LA CIUDAD DE BUENOS AIRES,MONUMENTOS Y LUGARES HISTORICOS,SAN NICOLAS,-34.60778,-58.37333
2311,CECILIA GRIERSON,MONUMENTOS Y LUGARES HISTORICOS,PATERNAL,-34.59103,-58.46616
2312,CEMENTERIO DE LA CHACARITA - SECTOR IDENTIFICADO COMO SECCION 2. MANZANA 9. TABLON 13.,MONUMENTOS Y LUGARES HISTORICOS,CHACARITA,-34.59417,-58.46472
2313,CENTRO CLANDESTINO DE DETENCION Y TORTURA EL ATLETICO,MONUMENTOS Y LUGARES HISTORICOS,SAN TELMO,-34.61787,-58.36872
2314,CENTRO CULTURAL RECOLETA,MONUMENTOS Y LUGARES HISTORICOS,RECOLETA,-34.5864938,-58.3915776
2315,CENTRO CULTURAL SAN MARTIN,MONUMENTOS Y LUGARES HISTORICOS,SAN NICOLAS,-34.6053678,-58.388585
2316,CENTRO NACIONAL DE LA MUSICA - EX BIBLIOTECA NACIONAL,MONUMENTOS Y LUGARES HISTORICOS,MONSERRAT,-34.61494,-58.37402
2317,CINE TEATRO GRAN REX,MONUMENTOS Y LUGARES HISTORICOS,SAN NICOLAS,-34.60351,-58.37859
2318,CINE TEATRO OPERA,MONUMENTOS Y LUGARES HISTORICOS,SAN NICOLAS,-34.60361,-58.37889
2319,CINE TEATRO REGIO,MONUMENTOS Y LUGARES HISTORICOS,CHACARITA,-34.58417,-58.44583
2320,CNEL. DE MARINA JOSE MURATURE,MONUMENTOS Y LUGARES HISTORICOS,RECOLETA,-34.58752,-58.39343
2321,CNEL. FEDERICO BRANDSEN,MONUMENTOS Y LUGARES HISTORICOS,RECOLETA,-34.58752,-58.39343
2322,CNEL. HILARIO ASCASUBI,MONUMENTOS Y LUGARES HISTORICOS,RECOLETA,-34.58752,-58.39343
2323,CNEL. IGNACIO ALVAREZ THOMAS,MONUMENTOS Y LUGARES HISTORICOS,RECOLETA,-34.58752,-58.39343
2324,CNEL. ISIDORO SUAREZ,MONUMENTOS Y LUGARES HISTORICOS,RECOLETA,-34.58752,-58.39343
2325,CNEL. JORDAN CZESLAW WYSOCKI,MONUMENTOS Y LUGARES HISTORICOS,RECOLETA,-34.58752,-58.39343
2326,CNEL. JOSE DE OLAVARRIA,MONUMENTOS Y LUGARES HISTORICOS,RECOLETA,-34.58752,-58.39343
2327,CNEL. MANUEL DORREGO,MONUMENTOS Y LUGARES HISTORICOS,RECOLETA,-34.58752,-58.39343
2328,CNEL. PEDRO JOSE DIAZ,MONUMENTOS Y LUGARES HISTORICOS,RECOLETA,-34.58752,-58.39343
2329,CNEL. RAMON L. FALCON,MONUMENTOS Y LUGARES HISTORICOS,RECOLETA,-34.58752,-58.39343
2330,CNEL.DE MARINA FRANCISCO SEGUI,MONUMENTOS Y LUGARES HISTORICOS,RECOLETA,-34.58752,-58.39343
2331,COLEGIO NACIONAL BUENOS AIRES,MONUMENTOS Y LUGARES HISTORICOS,MONSERRAT,-34.61077,-58.37341
2332,COLEGIO SAN JOSE,MONUMENTOS Y LUGARES HISTORICOS,BALVANERA,-34.6079,-58.40063
2333,CONFEDERACION GENERAL DEL TRABAJO (C.G.T.),MONUMENTOS Y LUGARES HISTORICOS,SAN TELMO,-34.61719,-58.36738
2334,CONFEDERACION GENERAL ECONOMICA,MONUMENTOS Y LUGARES HISTORICOS,MONSERRAT,-34.60861,-58.38222
2335,CONFITERIA EL MOLINO,MONUMENTOS Y LUGARES HISTORICOS,BALVANERA,-34.60921,-58.39199
2336,CONGRESO DE LA NACION,MONUMENTOS Y LUGARES HISTORICOS,BALVANERA,-34.6115064,-58.3924548
2337,CONVENTO DE LAS CATALINAS - CONVENTO DE SANTA CATALINA DE SIENA,MONUMENTOS Y LUGARES HISTORICOS,RECOLETA,-34.59804,-58.408
2338,CONVENTO DE LOS MERCEDARIOS,MONUMENTOS Y LUGARES HISTORICOS,SAN NICOLAS,-34.60471,-58.37237
2339,CORBETA URUGUAY,MONUMENTOS Y LUGARES HISTORICOS,PUERTO MADERO,-34.60136,-58.36675
2340,CORONEL JUAN BAUTISTA THORNE,MONUMENTOS Y LUGARES HISTORICOS,PATERNAL,-34.59103,-58.46616
2341,CREMATORIO MUNICIPAL,MONUMENTOS Y LUGARES HISTORICOS,CHACARITA,-34.58723,-58.45585
2342,DEAN SATURNINO SEGUROLA,MONUMENTOS Y LUGARES HISTORICOS,SAN NICOLAS,-34.60763,-58.3732
2343,DELFINA VEDIA DE MITRE,MONUMENTOS Y LUGARES HISTORICOS,RECOLETA,-34.58752,-58.39343
2344,DIARIO LA PRENSA,MONUMENTOS Y LUGARES HISTORICOS,MONSERRAT,-34.60855,-58.37446
2345,DOMINGO FAUSTINO SARMIENTO,MONUMENTOS Y LUGARES HISTORICOS,RECOLETA,-34.58752,-58.39343
2346,DOMINGO MATHEU,MONUMENTOS Y LUGARES HISTORICOS,RECOLETA,-34.58752,-58.39343
2347,EDIFICIO KAVANAGH,MONUMENTOS Y LUGARES HISTORICOS,RETIRO,-34.59538,-58.3744
2348,EDIFICIO TORNQUIST,MONUMENTOS Y LUGARES HISTORICOS,SAN NICOLAS,-34.60678,-58.374
2349,EDIFICIOS DE LA CALLE AUSTRIA 2577 / 2593,MONUMENTOS Y LUGARES HISTORICOS,RECOLETA,-34.58458,-58.39927
2350,EL SECTOR DE LA FACHADA PRINCIPAL SOBRE AV. CORDOBA DESDE VESTIBULO DE ACCESO HASTA CALLE AYACUCHO Y,MONUMENTOS Y LUGARES HISTORICOS,RECOLETA,-34.59962,-58.39514
2351,EMMA NICOLAY DE CAPRILE,MONUMENTOS Y LUGARES HISTORICOS,RECOLETA,-34.58752,-58.39343
2352,ESCUELA CATEDRAL AL NORTE - ACTUAL J. M. ESTRADA,MONUMENTOS Y LUGARES HISTORICOS,SAN NICOLAS,-34.60247,-58.37249
2353,ESCUELA DE COMERCIO Nº 2 DR. ANTONIO BERMEJO (FACHADA Y PRIMER PATIO),MONUMENTOS Y LUGARES HISTORICOS,BALVANERA,-34.60167,-58.39267
2354,ESCUELA NACIONAL NORMAL DE PROFESORES PTE. R. SAENZ PENA,MONUMENTOS Y LUGARES HISTORICOS,RECOLETA,-34.59966,-58.39514
2355,ESCUELA NORMAL MARIANO ACOSTA,MONUMENTOS Y LUGARES HISTORICOS,BALVANERA,-34.61371,-58.40995
2356,ESCUELA NORMAL SUPERIOR Nº 01 EN LENGUAS VIVAS PRESIDENTE ROQUE SAENZ PEÑA,MONUMENTOS Y LUGARES HISTORICOS,RECOLETA,-34.59967,-58.39514
2357,ESCUELA OTTO KRAUSE,MONUMENTOS Y LUGARES HISTORICOS,MONSERRAT,-34.61526,-58.36886
2358,ESCUELA PEDRO DE MENDOZA Nº 19 - MUSEO DE BELLAS ARTES DE LA BOCA,MONUMENTOS Y LUGARES HISTORICOS,BOCA,-34.63935,-58.36151
2359,ESCUELA TECNICA Nº 31 MAESTRO QUINQUELA,MONUMENTOS Y LUGARES HISTORICOS,BOCA,-34.63897,-58.35988
2360,ESQUINA HOMERO MANZI,MONUMENTOS Y LUGARES HISTORICOS,BOEDO,-34.6253822,-58.4163368
2361,ESTACION TERMINAL RETIRO,MONUMENTOS Y LUGARES HISTORICOS,RETIRO,-34.59195,-58.37487
2362,ESTANISLAO DEL CAMPO,MONUMENTOS Y LUGARES HISTORICOS,RECOLETA,-34.58752,-58.39343
2363,EUSTAQUIO DIAZ VELEZ,MONUMENTOS Y LUGARES HISTORICOS,RECOLETA,-34.58752,-58.39343
2364,EX ADMINISTRACION DEL FFCC B.MITRE Y EL MUSEO NACIONAL FERROVIARIO,MONUMENTOS Y LUGARES HISTORICOS,RETIRO,-34.59004,-58.37948
2365,EX CENTRO CLANDESTINO DE DETENCION DE LA ESCUELA DE MECANICA DE LA ARMADA,MONUMENTOS Y LUGARES HISTORICOS,NUÑEZ,-34.54026,-58.46405
2366,EX HOTEL DE INMIGRANTES,MONUMENTOS Y LUGARES HISTORICOS,RETIRO,-34.59242,-58.37015
2367,FACULTAD DE INGENIERIA - UBA,MONUMENTOS Y LUGARES HISTORICOS,SAN TELMO,-34.61767,-58.36795
2368,FEDERACION DE ASOCIACIONES CATOLICAS DE EMPLEADAS - CASA DE LA EMPLEADA,MONUMENTOS Y LUGARES HISTORICOS,SAN NICOLAS,-34.60518,-58.38464
2369,FELICIANO ANTONIO CHICLANA,MONUMENTOS Y LUGARES HISTORICOS,RECOLETA,-34.58752,-58.39343
2370,FIRST NATIONAL BANK OF BOSTON - CASA CENTRAL,MONUMENTOS Y LUGARES HISTORICOS,SAN NICOLAS,-34.60692,-58.37504
2371,FRAGATA ESCUELA PRESIDENTE SARMIENTO,MONUMENTOS Y LUGARES HISTORICOS,,-34.60889,-58.36556
2372,FRANCIS AMSTRONG DE BESSLER,MONUMENTOS Y LUGARES HISTORICOS,PATERNAL,-34.59103,-58.46616
2373,FRANCISCO DE ESCALADA,MONUMENTOS Y LUGARES HISTORICOS,RECOLETA,-34.58752,-58.39343
2374,FRANCISCO JAVIER MUNIZ,MONUMENTOS Y LUGARES HISTORICOS,RECOLETA,-34.58752,-58.39343
2375,FUENTE DE LAS NEREIDAS,MONUMENTOS Y LUGARES HISTORICOS,PUERTO MADERO,-34.61694,-58.35692
2376,GALERIAS PACIFICO,MONUMENTOS Y LUGARES HISTORICOS,SAN NICOLAS,-34.59878,-58.37419
2377,GRAL. ANTONIO GONZALEZ BALCARCE,MONUMENTOS Y LUGARES HISTORICOS,MONSERRAT,-34.61278,-58.37167
2378,GRAL. BARTOLOME MITRE,MONUMENTOS Y LUGARES HISTORICOS,RECOLETA,-34.58752,-58.39343
2379,GRAL. CARLOS DE ALVEAR,MONUMENTOS Y LUGARES HISTORICOS,RECOLETA,-34.58752,-58.39343
2380,GRAL. EMILIO MITRE,MONUMENTOS Y LUGARES HISTORICOS,RECOLETA,-34.58752,-58.39343
2381,GRAL. FELIX BENAVIDES,MONUMENTOS Y LUGARES HISTORICOS,RECOLETA,-34.58752,-58.39343
2382,GRAL. JOSE DE SAN MARTIN,MONUMENTOS Y LUGARES HISTORICOS,SAN NICOLAS,-34.60763,-58.3732
2383,GRAL. JOSE M. PIRAN,MONUMENTOS Y LUGARES HISTORICOS,RECOLETA,-34.58752,-58.39343
2384,GRAL. JOSE MATIAS ZAPIOLA,MONUMENTOS Y LUGARES HISTORICOS,MONSERRAT,-34.61278,-58.37167
2385,GRAL. JUAN A.GELLY Y OBES,MONUMENTOS Y LUGARES HISTORICOS,RECOLETA,-34.58752,-58.39343
2386,GRAL. JUAN FLORENCIO TERRADA,MONUMENTOS Y LUGARES HISTORICOS,RECOLETA,-34.58752,-58.39343
2387,GRAL. JUAN JOSE VIAMONTE,MONUMENTOS Y LUGARES HISTORICOS,RECOLETA,-34.58752,-58.39343
2388,GRAL. JUAN LAVALLE,MONUMENTOS Y LUGARES HISTORICOS,RECOLETA,-34.58752,-58.39343
2389,GRAL. JUAN O'BREIN,MONUMENTOS Y LUGARES HISTORICOS,RECOLETA,-34.58752,-58.39343
2390,GRAL. JULIO A.ROCA,MONUMENTOS Y LUGARES HISTORICOS,RECOLETA,-34.58752,-58.39343
2391,GRAL. LUCIO MANSILLA,MONUMENTOS Y LUGARES HISTORICOS,RECOLETA,-34.58752,-58.39343
2392,GRAL. MANUEL BELGRANO,MONUMENTOS Y LUGARES HISTORICOS,MONSERRAT,-34.61278,-58.37167
2393,GRAL. MANUEL GUILLERMO PINTO,MONUMENTOS Y LUGARES HISTORICOS,SAN NICOLAS,-34.60763,-58.3732
2394,GRAL. TOMAS GUIDO,MONUMENTOS Y LUGARES HISTORICOS,RECOLETA,-34.58752,-58.39343
2395,GRAL. WENCESLAO PAUNERO,MONUMENTOS Y LUGARES HISTORICOS,RECOLETA,-34.58752,-58.39343
2396,GRAL.MIGUEL ESTANISLAO SOLER,MONUMENTOS Y LUGARES HISTORICOS,RECOLETA,-34.58752,-58.39343
2397,GUERREROS DEL PARAGUAY,MONUMENTOS Y LUGARES HISTORICOS,RECOLETA,-34.58752,-58.39343
2398,GUILLERMO RAWSON,MONUMENTOS Y LUGARES HISTORICOS,RECOLETA,-34.58752,-58.39343
2399,HOGAR DE TRANSITO,MONUMENTOS Y LUGARES HISTORICOS,PALERMO,-34.58066,-58.41461
2400,HOSPITAL BORDA,MONUMENTOS Y LUGARES HISTORICOS,BARRACAS,-34.63597,-58.3856
2401,HOSPITAL DEL REY,MONUMENTOS Y LUGARES HISTORICOS,BALVANERA,-34.61617,-58.39774
2402,IGLESIA DE LA MERCED,MONUMENTOS Y LUGARES HISTORICOS,SAN NICOLAS,-34.60542,-58.37235
2403,IGLESIA DE LA SANTA CRUZ,MONUMENTOS Y LUGARES HISTORICOS,SAN CRISTOBAL,-34.62167,-58.40972
2404,IGLESIA DE LAS CATALINAS - IGLESIA DE SANTA CATALINA DE SIENA,MONUMENTOS Y LUGARES HISTORICOS,SAN NICOLAS,-34.59969,-58.37404
2405,IGLESIA DE SAN JUAN BAUTISTA,MONUMENTOS Y LUGARES HISTORICOS,MONSERRAT,-34.61058,-58.37804
2406,IGLESIA DE SAN MIGUEL,MONUMENTOS Y LUGARES HISTORICOS,SAN NICOLAS,-34.60715,-58.37906
2407,IGLESIA DE SANTO DOMINGO,MONUMENTOS Y LUGARES HISTORICOS,MONSERRAT,-34.61243,-58.37195
2408,IGLESIA NUESTRA SENORA DE BALVANERA,MONUMENTOS Y LUGARES HISTORICOS,BALVANERA,-34.60855,-58.4007
2409,IGLESIA ORTODOXA RUSA DE LA SANTISIMA TRINIDAD,MONUMENTOS Y LUGARES HISTORICOS,SAN TELMO,-34.62529,-58.36993
2410,IGLESIA PARROQUIAL DE MONSERRAT,MONUMENTOS Y LUGARES HISTORICOS,MONSERRAT,-34.61315,-58.38249
2411,IGLESIA PARROQUIAL DE SAN JUAN EVANGELISTA,MONUMENTOS Y LUGARES HISTORICOS,BOCA,-34.63663,-58.35964
2412,IGLESIA SANTA FELICITAS,MONUMENTOS Y LUGARES HISTORICOS,BARRACAS,-34.63716,-58.37364
2413,INMUEBLE,MONUMENTOS Y LUGARES HISTORICOS,MONSERRAT,-34.61589,-58.38897
2414,INMUEBLE DE LA CALLE AGUERO Nº 2024,MONUMENTOS Y LUGARES HISTORICOS,RECOLETA,-34.58843,-58.40282
2415,INSTITUTO DE INVESTIGACIONES HISTORICAS DE LAS MANZANAS DE LAS LUCES,MONUMENTOS Y LUGARES HISTORICOS,MONSERRAT,-34.610897,-58.3747924
2416,INSTITUTO FELIX BERNASCONI,MONUMENTOS Y LUGARES HISTORICOS,PARQUE PATRICIOS,-34.63417,-58.40167
2417,INSTITUTO NACIONAL DE REHABILITACION DEL LISIADO,MONUMENTOS Y LUGARES HISTORICOS,BELGRANO,-34.5508,-58.44497
2418,INSTITUTO NACIONAL JUAN DOMINGO PERON,MONUMENTOS Y LUGARES HISTORICOS,RECOLETA,-34.58432,-58.39927
2419,JARDIN BOTANICO,MONUMENTOS Y LUGARES HISTORICOS,PALERMO,-34.5837311,-58.417884
2420,JARDIN JAPONES,MONUMENTOS Y LUGARES HISTORICOS,PALERMO,-34.574579,-58.41142
2421,JARDIN ZOOLOGICO,MONUMENTOS Y LUGARES HISTORICOS,PALERMO,-34.578428,-58.416828
2422,JENNIE HOWARD,MONUMENTOS Y LUGARES HISTORICOS,PATERNAL,-34.59103,-58.46616
2423,JORGE ALEJANDRO NEWBERY,MONUMENTOS Y LUGARES HISTORICOS,CHACARITA,-34.58723,-58.45585
2424,JOSE ANTONIO TERRY,MONUMENTOS Y LUGARES HISTORICOS,RECOLETA,-34.58752,-58.39343
2425,JOSE HERNANDEZ,MONUMENTOS Y LUGARES HISTORICOS,RECOLETA,-34.58752,-58.39343
2426,JOSE MANUEL DE ESTRADA,MONUMENTOS Y LUGARES HISTORICOS,RECOLETA,-34.58752,-58.39343
2427,JUAN BAUTISTA AMBROSETTI,MONUMENTOS Y LUGARES HISTORICOS,CHACARITA,-34.58723,-58.45585
2428,JUAN CRUZ VARELA,MONUMENTOS Y LUGARES HISTORICOS,RECOLETA,-34.58752,-58.39343
2429,JUAN JOSE CASTELLI,MONUMENTOS Y LUGARES HISTORICOS,MONSERRAT,-34.61056,-58.37361
2430,JUAN JOSE PASO,MONUMENTOS Y LUGARES HISTORICOS,RECOLETA,-34.58752,-58.39343
2431,JUAN MARIA GUTIERREZ,MONUMENTOS Y LUGARES HISTORICOS,RECOLETA,-34.58752,-58.39343
2432,JUAN MARTIN DE PUEYRREDON,MONUMENTOS Y LUGARES HISTORICOS,RECOLETA,-34.58752,-58.39343
2433,JUAN PUJOL,MONUMENTOS Y LUGARES HISTORICOS,RECOLETA,-34.58752,-58.39343
2434,JUAN RAMON GONZALEZ BALCARCE,MONUMENTOS Y LUGARES HISTORICOS,RECOLETA,-34.58752,-58.39343
2435,LA RURAL,MONUMENTOS Y LUGARES HISTORICOS,PALERMO,-34.5755075,-58.4156522
2436,LABORATORIOS E INSTITUTOS DE SALUD DR. CARLOS G. MALBRAN,MONUMENTOS Y LUGARES HISTORICOS,BARRACAS,-34.649,-58.38982
2437,LABORATORIOS E INSTITUTOS DE SALUD DR. CARLOS G. MALBRAN,MONUMENTOS Y LUGARES HISTORICOS,BARRACAS,-34.649,-58.38982
2438,LEGISLATURA PORTEÑA,MONUMENTOS Y LUGARES HISTORICOS,MONSERRAT,-34.6095406,-58.3748102
2439,LIBRERIA DE AVILA,MONUMENTOS Y LUGARES HISTORICOS,MONSERRAT,-34.61054,-58.37343
2440,LUCIO V. LOPEZ,MONUMENTOS Y LUGARES HISTORICOS,RECOLETA,-34.58752,-58.39343
2441,LUIS VERNET,MONUMENTOS Y LUGARES HISTORICOS,RECOLETA,-34.58752,-58.39343
2442,LUNA PARK,MONUMENTOS Y LUGARES HISTORICOS,SAN NICOLAS,-34.6023447,-58.3690244
2443,MAGNOLIAS DEL PROTOMEDICATO,MONUMENTOS Y LUGARES HISTORICOS,SAN TELMO,-34.62066,-58.37058
2444,MANUEL G. ARGERICH,MONUMENTOS Y LUGARES HISTORICOS,CHACARITA,-34.58723,-58.45585
2445,MARCOS AVELLANEDA,MONUMENTOS Y LUGARES HISTORICOS,RECOLETA,-34.58752,-58.39343
2446,MARCOS BALCARCE,MONUMENTOS Y LUGARES HISTORICOS,RECOLETA,-34.58752,-58.39343
2447,MARCOS PAZ,MONUMENTOS Y LUGARES HISTORICOS,RECOLETA,-34.58752,-58.39343
2448,MARIA SANCHEZ DE MENDEVILLE,MONUMENTOS Y LUGARES HISTORICOS,RECOLETA,-34.58752,-58.39343
2449,MARIANO MORENO,MONUMENTOS Y LUGARES HISTORICOS,RECOLETA,-34.58752,-58.39343
2450,MARTIN RODRIGUEZ,MONUMENTOS Y LUGARES HISTORICOS,RECOLETA,-34.58752,-58.39343
2451,MARTINIANO LEGUIZAMON,MONUMENTOS Y LUGARES HISTORICOS,RECOLETA,-34.58752,-58.39343
2452,MERCADO DE SAN TELMO,MONUMENTOS Y LUGARES HISTORICOS,SAN TELMO,-34.61903,-58.37295
2453,MIGUEL DE AZCUENAGA,MONUMENTOS Y LUGARES HISTORICOS,RECOLETA,-34.58752,-58.39343
2454,MINNIE AMSTRONG DE RIDLEY,MONUMENTOS Y LUGARES HISTORICOS,PATERNAL,-34.59103,-58.46616
2455,MOLINO GRAL. PAZ,MONUMENTOS Y LUGARES HISTORICOS,SAAVEDRA,-34.56630715,-58.50484785
2456,MURAL EJERCICIO PLASTICO DE DAVID A. SIQUEIROS,MONUMENTOS Y LUGARES HISTORICOS,MONSERRAT,-34.60856,-58.37015
2457,MUSEO MITRE,MONUMENTOS Y LUGARES HISTORICOS,SAN NICOLAS,-34.6040719,-58.3738478
2458,MUSEO NACIONAL DE ARTE DECORATIVO,MONUMENTOS Y LUGARES HISTORICOS,PALERMO,-34.58203,-58.40151
2459,NICOLAS AVELLANEDA,MONUMENTOS Y LUGARES HISTORICOS,RECOLETA,-34.58752,-58.39343
2460,NICOLAS RODRIGUEZ PENA,MONUMENTOS Y LUGARES HISTORICOS,RECOLETA,-34.58752,-58.39343
2461,NUNCIATURA APOSTOLICA,MONUMENTOS Y LUGARES HISTORICOS,RECOLETA,-34.58975,-58.38596
2462,OBISPO MANUEL AZAMOR Y RAMIREZ,MONUMENTOS Y LUGARES HISTORICOS,SAN NICOLAS,-34.60763,-58.3732
2463,OBSERVATORIO NAVAL BUENOS AIRES,MONUMENTOS Y LUGARES HISTORICOS,BOCA,-34.6239,-58.34907
2464,OLEGARIO ANDRADE,MONUMENTOS Y LUGARES HISTORICOS,RECOLETA,-34.58752,-58.39343
2465,PACARA (ARBOL) EN EL PARQUE CHACABUCO,MONUMENTOS Y LUGARES HISTORICOS,PARQUE CHACABUCO,-34.63194,-58.445
2466,PALACE HOTEL,MONUMENTOS Y LUGARES HISTORICOS,SAN NICOLAS,-34.60528,-58.37083
2467,PALACIO BAROLO,MONUMENTOS Y LUGARES HISTORICOS,MONSERRAT,-34.6094,-58.38576
2468,PALACIO DE AGUAS CORRIENTES - EDIFICIO AGUAS ARGENTINAS / EX OBRAS SANITARIAS,MONUMENTOS Y LUGARES HISTORICOS,BALVANERA,-34.5997,-58.395
2469,PALACIO DE JUSTICIA,MONUMENTOS Y LUGARES HISTORICOS,SAN NICOLAS,-34.60217,-58.38527
2470,PALACIO SAN MARTIN - EX PALACIO ANCHORENA,MONUMENTOS Y LUGARES HISTORICOS,RETIRO,-34.59391,-58.37758
2471,PALACIO SARMIENTO - MINISTERIO DE EDUCACION,MONUMENTOS Y LUGARES HISTORICOS,RECOLETA,-34.598,-58.39123
2472,PALAIS DE GLACE,MONUMENTOS Y LUGARES HISTORICOS,RECOLETA,-34.5858956,-58.3897671
2473,PANTEON DE LA ASOCIACION ESPANOLA DE SOCORROS MUTUOS,MONUMENTOS Y LUGARES HISTORICOS,CHACARITA,-34.58723,-58.45585
2474,PANTEON DE LA ASOCIACION FRANCESA FILANTROPICA Y DE BENEFICENCIA,MONUMENTOS Y LUGARES HISTORICOS,CHACARITA,-34.58723,-58.45585
2475,PANTEON DE LA SOCIEDAD DE SOCORROS MUTUOS SAN CRISPIN,MONUMENTOS Y LUGARES HISTORICOS,CHACARITA,-34.58723,-58.45585
2476,PANTEON DE LA SOCIETE FRANCAISE DE SECOURS MUTUELS DE BUENOS AIRES,MONUMENTOS Y LUGARES HISTORICOS,CHACARITA,-34.58723,-58.45585
2477,PANTEON DE LOS PADRES SALESIANOS,MONUMENTOS Y LUGARES HISTORICOS,CHACARITA,-34.58723,-58.45585
2478,PANTEON DEL CENTRO GALLEGO,MONUMENTOS Y LUGARES HISTORICOS,CHACARITA,-34.58723,-58.45585
2479,PARQUE GENERAL LAS HERAS,MONUMENTOS Y LUGARES HISTORICOS,PALERMO,-34.58345,-58.40536
2480,PEDRO ALCANTARA DE SOMELLERA,MONUMENTOS Y LUGARES HISTORICOS,RECOLETA,-34.58752,-58.39343
2481,PEDRO BENOIT,MONUMENTOS Y LUGARES HISTORICOS,RECOLETA,-34.58752,-58.39343
2482,PERISTILOS DE LOS CEMENTERIOS DE LA RECOLETA. CHACARITA Y FLORES,MONUMENTOS Y LUGARES HISTORICOS,RECOLETA,-34.5875,-58.39222
2483,PIRAMIDE DE MAYO,MONUMENTOS Y LUGARES HISTORICOS,MONSERRAT,-34.60833,-58.37222
2484,PLAZA DE LA MEMORIA,MONUMENTOS Y LUGARES HISTORICOS,RETIRO,-34.59139,-58.38028
2485,PLAZA DE MAYO,MONUMENTOS Y LUGARES HISTORICOS,MONSERRAT,-34.60833,-58.37194
2486,PLAZA DEL CONGRESO. PLAZA LOREA Y PLAZA MARIANO MORENO,MONUMENTOS Y LUGARES HISTORICOS,MONSERRAT,-34.60972,-58.39056
2487,PLAZA DORREGO,MONUMENTOS Y LUGARES HISTORICOS,SAN TELMO,-34.62067,-58.37143
2488,PLAZA JARDIN DE LOS MAESTROS,MONUMENTOS Y LUGARES HISTORICOS,RECOLETA,-34.59806,-58.39139
2489,PLAZA RODRIGUEZ PEÑA,MONUMENTOS Y LUGARES HISTORICOS,RECOLETA,-34.59806,-58.3925
2490,PLAZA SAN MARTIN,MONUMENTOS Y LUGARES HISTORICOS,RETIRO,-34.59472,-58.37556
2491,PLAZOLETA PETRONILA RODRIGUEZ,MONUMENTOS Y LUGARES HISTORICOS,RECOLETA,-34.59889,-58.39139
2492,PORTAL DE ACCESO Y CAPILLA DEL CEMENTERIO ALEMAN,MONUMENTOS Y LUGARES HISTORICOS,CHACARITA,-34.591,-58.45972
2493,PREDIO DEL YACHT CLUB ARGENTINO,MONUMENTOS Y LUGARES HISTORICOS,RETIRO,-34.59556,-58.36417
2494,PRIMER ARSENAL DE GUERRA. CASA DE ESTEBAN DE LUCA,MONUMENTOS Y LUGARES HISTORICOS,SAN TELMO,-34.61951,-58.37129
2495,PROCURADURIA JESUITICA,MONUMENTOS Y LUGARES HISTORICOS,MONSERRAT,-34.6107,-58.37483
2496,QUINTA DE VALENTIN ALSINA,MONUMENTOS Y LUGARES HISTORICOS,BELGRANO,-34.56091,-58.449585
2497,REGIMIENTO DE INFANTERIA 1 PATRICIOS,MONUMENTOS Y LUGARES HISTORICOS,PALERMO,-34.57727,-58.42681
2498,REGIMIENTO DE INFANTERIA 1 PATRICIOS,MONUMENTOS Y LUGARES HISTORICOS,PALERMO,-34.57727,-58.42681
2499,REGIMIENTO DE INFANTERIA 1 PATRICIOS,MONUMENTOS Y LUGARES HISTORICOS,PALERMO,-34.57727,-58.42681
2500,REGIMIENTO DE INFANTERIA 1 PATRICIOS,MONUMENTOS Y LUGARES HISTORICOS,PALERMO,-34.57727,-58.42681
2501,REGIMIENTO DE INFANTERIA 1 PATRICIOS,MONUMENTOS Y LUGARES HISTORICOS,PALERMO,-34.57727,-58.42681
2502,REGIMIENTO DE INFANTERIA 1 PATRICIOS,MONUMENTOS Y LUGARES HISTORICOS,PALERMO,-34.57727,-58.42681
2503,REGIMIENTO DE INFANTERIA 1 PATRICIOS,MONUMENTOS Y LUGARES HISTORICOS,PALERMO,-34.57727,-58.42681
2504,REGIMIENTO DE INFANTERIA 1 PATRICIOS,MONUMENTOS Y LUGARES HISTORICOS,PALERMO,-34.57727,-58.42681
2505,REGIMIENTO DE INFANTERIA 1 PATRICIOS,MONUMENTOS Y LUGARES HISTORICOS,PALERMO,-34.57727,-58.42681
2506,REGIMIENTO DE INFANTERIA 1 PATRICIOS,MONUMENTOS Y LUGARES HISTORICOS,PALERMO,-34.57727,-58.42681
2507,REGIMIENTO DE INFANTERIA 1 PATRICIOS,MONUMENTOS Y LUGARES HISTORICOS,PALERMO,-34.57727,-58.42681
2508,REGIMIENTO DE INFANTERIA 1 PATRICIOS,MONUMENTOS Y LUGARES HISTORICOS,PALERMO,-34.57727,-58.42681
2509,REGIMIENTO DE INFANTERIA 1 PATRICIOS,MONUMENTOS Y LUGARES HISTORICOS,PALERMO,-34.57727,-58.42681
2510,REGIMIENTO DE INFANTERIA 1 PATRICIOS,MONUMENTOS Y LUGARES HISTORICOS,PALERMO,-34.57727,-58.42681
2511,REMEDIOS DE ESCALADA,MONUMENTOS Y LUGARES HISTORICOS,RECOLETA,-34.58752,-58.39343
2512,RESIDENCIA DEL EMBAJADOR DEL REINO UNIDO,MONUMENTOS Y LUGARES HISTORICOS,RECOLETA,-34.58529,-58.39572
2513,RESIDENCIA DUHAU,MONUMENTOS Y LUGARES HISTORICOS,RECOLETA,-34.58937,-58.38654
2514,RESIDENCIA MAGUIRE,MONUMENTOS Y LUGARES HISTORICOS,RECOLETA,-34.58918,-58.38683
2515,RESIDENCIAS ALZAGA UNZUE,MONUMENTOS Y LUGARES HISTORICOS,RETIRO,-34.59139,-58.38389
2516,RESIDENCIAS JESUITICAS,MONUMENTOS Y LUGARES HISTORICOS,SAN TELMO,-34.62070954,-58.37475538
2517,RICARDO GUTIERREZ,MONUMENTOS Y LUGARES HISTORICOS,RECOLETA,-34.58752,-58.39343
2518,ROQUE SAENZ PENA,MONUMENTOS Y LUGARES HISTORICOS,RECOLETA,-34.58752,-58.39343
2519,SALA DE SESIONES DE LA ANTIGUA JUNTA DE REPRESENTANTES DE LA PROVINCIA DE BUENOS AIRES,MONUMENTOS Y LUGARES HISTORICOS,BARRACAS,-34.6391945,-58.3743331
2520,SALVADOR MARIA DEL CARRIL,MONUMENTOS Y LUGARES HISTORICOS,RECOLETA,-34.58752,-58.39343
2521,SANTA CASA DE EJERCICIOS ESPIRITUALES,MONUMENTOS Y LUGARES HISTORICOS,CONSTITUCION,-34.61774,-58.38285
2522,SARA ECCLESTON,MONUMENTOS Y LUGARES HISTORICOS,PATERNAL,-34.59103,-58.46616
2523,SINAGOGA DE LA CONGREGACION ISRAELITA ARGENTINA,MONUMENTOS Y LUGARES HISTORICOS,SAN NICOLAS,-34.59963,-58.38395
2524,SOLAR DONDE VIVIO Y MURIO EL ALTE. GUILLERMO BROWN,MONUMENTOS Y LUGARES HISTORICOS,BARRACAS,-34.63144,-58.37252
2525,SUBTES,MONUMENTOS Y LUGARES HISTORICOS,MONSERRAT,-34.60861,-58.37472
2526,TEATRO COLON,MONUMENTOS Y LUGARES HISTORICOS,SAN NICOLAS,-34.6012006,-58.3839023
2527,TEATRO LICEO,MONUMENTOS Y LUGARES HISTORICOS,SAN NICOLAS,-34.60861,-58.3875
2528,TEATRO MAIPO,MONUMENTOS Y LUGARES HISTORICOS,SAN NICOLAS,-34.6030561,-58.378059
2529,TEATRO NACIONAL CERVANTES,MONUMENTOS Y LUGARES HISTORICOS,RETIRO,-34.5988379,-58.3840118
2530,TEMPLO DE SAN FRANCISCO,MONUMENTOS Y LUGARES HISTORICOS,MONSERRAT,-34.61493,-58.37178
2531,TEMPLO DE SAN IGNACIO,MONUMENTOS Y LUGARES HISTORICOS,MONSERRAT,-34.61063,-58.37346
2532,TEMPLO DE SAN TELMO,MONUMENTOS Y LUGARES HISTORICOS,SAN TELMO,-34.62073118,-58.37073971
2533,TERCERA ORDEN FRANCISCANA SEGLAR,MONUMENTOS Y LUGARES HISTORICOS,MONSERRAT,-34.61,-58.37124
2534,THOMAS BRIDGES,MONUMENTOS Y LUGARES HISTORICOS,PATERNAL,-34.59103,-58.46616
2535,TTE. GRAL. DONATO ALVAREZ,MONUMENTOS Y LUGARES HISTORICOS,RECOLETA,-34.5875,-58.39222
2536,TTE. GRAL. EDUARDO LONARDI,MONUMENTOS Y LUGARES HISTORICOS,RECOLETA,-34.58752,-58.39343
2537,TTE.CNEL.DE MARINA ERASMO OBLIGADO,MONUMENTOS Y LUGARES HISTORICOS,RECOLETA,-34.58752,-58.39343
2538,USINA PEDRO DE MENDOZA DE LA COMPANIA EX ITALO ARGENTINA DE ELECTRICIDAD DE BUENOS AIRES,MONUMENTOS Y LUGARES HISTORICOS,BOCA,-34.62861,-58.35667
2539,VALENTIN ALSINA,MONUMENTOS Y LUGARES HISTORICOS,RECOLETA,-34.58752,-58.39343
2540,VICENTE FIDEL LOPEZ,MONUMENTOS Y LUGARES HISTORICOS,RECOLETA,-34.58752,-58.39343
2541,VICENTE LOPEZ Y PLANES,MONUMENTOS Y LUGARES HISTORICOS,RECOLETA,-34.58752,-58.39343
2542,VIVIENDA QUE PERTENECIERA AL COMPOSITOR Y MUSICO ANIBAL TROILO,MONUMENTOS Y LUGARES HISTORICOS,VILLA CRESPO,-34.59642,-58.433
2543,YACHT CLUB ARGENTINO,MONUMENTOS Y LUGARES HISTORICOS,RETIRO,-34.59556,-58.36417
2544,YACIMIENTOS PETROLIFEROS FISCALES,MONUMENTOS Y LUGARES HISTORICOS,SAN NICOLAS,-34.60583,-58.3775
2545,ACADEMIA NACIONAL DE LA HISTORIA DE LA REPUBLICA ARGENTINA,MUSEO,MONSERRAT,-34.609847,-58.370747
2546,ACADEMIA NACIONAL DEL TANGO,MUSEO,SAN NICOLAS,-34.608208,-58.378256
2547,BANCO DE LA PROVINCIA DE BUENOS AIRES,MUSEO,SAN NICOLAS,-34.604348,-58.371935
2548,BUQUE MUSEO ARA CORBETA URUGUAY,MUSEO,PUERTO MADERO,-34.603408,-58.367085
2549,BUQUE MUSEO FRAGATA ARA PRESIDENTE SARMIENTO,MUSEO,PUERTO MADERO,-34.609377,-58.3664
2550,CASA DEL HISTORIADOR -ESTRADA,MUSEO,MONSERRAT,-34.613283,-58.373245
2551,CASA MUSEO BERNARDO HOUSSAY,MUSEO,BALVANERA,-34.600843,-58.405508
2552,CASA MUSEO FERNANDEZ BLANCO,MUSEO,MONSERRAT,-34.610006,-58.386545
2553,CASA VIRREY LINIERS,MUSEO,MONSERRAT,-34.613733,-58.373059
2554,CENTRO ANA FRANK ARGENTINA,MUSEO,COGHLAN,-34.562846,-58.47083
2555,COLECCION DE ARTE AMALIA LACROZE DE FORTABAT,MUSEO,PUERTO MADERO,-34.60027,-58.364738
2556,COMPLEJO DE MUSEOS DEL INSTITUTO FELIX BERNASCONI,MUSEO,PARQUE PATRICIOS,-34.633454,-58.402298
2557,DEL PILAR - CLAUSTROS HISTORICOS,MUSEO,RECOLETA,-34.586916,-58.391776
2558,ESPACIO LEZAMA ARTE,MUSEO,BOCA,-34.628911,-58.36994
2559,FACULTAD DE INGENIERIA,MUSEO,RECOLETA,-34.588399,-58.396198
2560,FOLA FOTOTECA LATINOAMERICANA,MUSEO,PALERMO,-34.579524,-58.426018
2561,FUNDACION CULTURAL VOLPE STESSENS / FOTOGRAFIA FERNANDO PAILLET / MUSEO DE HUMOR GRAFICO,MUSEO,PARQUE PATRICIOS,-34.636226,-58.401077
2562,FUNDACION NICOLAS GARCIA URIBURU (MUSEO DE ARTE PRECOLOMBINO),MUSEO,RECOLETA,-34.586322,-58.403182
2563,INSTITUTO DE INVESTIGACIONES HISTORICAS DE LAS MANZANAS DE LAS LUCES,MUSEO,MONSERRAT,-34.6109,-58.374793
2564,INSTITUTO ESPACIO PARA LA MEMORIA,MUSEO,MONSERRAT,-34.614149,-58.387556
2565,INSTITUTO NACIONAL DE ESTUDIOS DE TEATRO,MUSEO,RETIRO,-34.595546,-58.384949
2566,LABORATORIOS E INSTITUTOS DE SALUD DR. CARLOS G. MALBRAN,MUSEO,BARRACAS,-34.641842,-58.389866
2567,MAGUNCIA,MUSEO,BOCA,-34.63914,-58.361099
2568,MALBA,MUSEO,PALERMO,-34.577246,-58.40377
2569,MARGEN DEL MUNDO,MUSEO,CHACARITA,-34.596977,-58.456781
2570,MARIA ANTONIA DE SAN JOSE MUSEO DE ARTE SACRO,MUSEO,SAN TELMO,-34.616997,-58.367218
2571,"MUSEO ""BERNARDO A. HOUSSAY"" DE HISTORIA DE LA CIENCIA Y LA TECNOLOGIA",MUSEO,RECOLETA,-34.598418,-58.398263
2572,"MUSEO ""CASA DE YRURTIA""",MUSEO,BELGRANO,-34.557205,-58.455288
2573,"MUSEO ""GENERAL BELGRANO""",MUSEO,VELEZ SARSFIELD,-34.633245,-58.494463
2574,MUSEO AL AIRE LIBRE DE ARTISTAS PLASTICOS DE CAMINITO,MUSEO,BOCA,-34.6390915,-58.3632399
2575,MUSEO ANCONETANI DEL ACORDEON,MUSEO,CHACARITA,-34.586464,-58.451631
2576,MUSEO ANTARTICO GENERAL DE DIVISION HERNAN PUJATO,MUSEO,SAN TELMO,-34.624424,-58.368158
2577,MUSEO ARCHIVO TECNO EDUCATIVO LORENZO RAGGIO,MUSEO,NUÑEZ,-34.536109,-58.466496
2578,"MUSEO ARGENTINO DE CIENCIAS NATURALES ""BERNARDINO RIVADAVIA""",MUSEO,CABALLITO,-34.605083,-58.438053
2579,MUSEO ARGENTINO DEL TITERE,MUSEO,CONSTITUCION,-34.618611,-58.377346
2580,MUSEO BARRIO DE FLORES,MUSEO,FLORES,-34.627993,-58.45578
2581,MUSEO BORGES,MUSEO,RECOLETA,-34.591269,-58.402826
2582,MUSEO CARLOS VEGA DEL INSTITUTO NACIONAL DE MUSEOLOGIA,MUSEO,MONSERRAT,-34.614924,-58.373952
2583,MUSEO CASA CARLOS GARDEL,MUSEO,BALVANERA,-34.601642,-58.407923
2584,MUSEO CASA DE ALFREDO PALACIOS,MUSEO,PALERMO,-34.581061,-58.42654
2585,MUSEO CASA DE LA MONEDA. SOCIEDAD DEL ESTADO.,MUSEO,RETIRO,-34.5810052,-58.3742525
2586,MUSEO CASA DE RICARDO ROJAS,MUSEO,RECOLETA,-34.593982,-58.406428
2587,MUSEO CASA ROSADA,MUSEO,MONSERRAT,-34.609137,-58.369494
2588,MUSEO CASA TALLER CELIA CHEVALIER,MUSEO,BOCA,-34.629095,-58.368933
2589,MUSEO CASA TALLER FERRARO - BATTISTI,MUSEO,CABALLITO,-34.617722,-58.452355
2590,MUSEO CIUDAD,MUSEO,MONSERRAT,-34.610448,-58.37208
2591,MUSEO COLEGIO MARIANO MORENO,MUSEO,ALMAGRO,-34.610816,-58.416662
2592,MUSEO CONVENTILLO EL RINCON DE LUCIA,MUSEO,BOCA,-34.638476,-58.362308
2593,MUSEO CRIOLLO DE LOS CORRALES,MUSEO,MATADEROS,-34.662506,-58.500303
2594,MUSEO DE ANATOMIA JJ NAON,MUSEO,RECOLETA,-34.59842,-58.39826
2595,"MUSEO DE ARMAS DE LA NACION ""TENIENTE GENERAL PABLO RICCHIERI""",MUSEO,RETIRO,-34.595558,-58.377332
2596,MUSEO DE ARQUITECTURA Y DISEÑO JULIO KESELMAN MARQ,MUSEO,RECOLETA,-34.58658,-58.385833
2597,MUSEO DE ARTE CONTEMPORANEO BUENOS AIRES,MUSEO,SAN TELMO,-34.621867,-58.370225
2598,MUSEO DE ARTE CONTEMPORANEO DE LA BOCA,MUSEO,BOCA,-34.633963,-58.359778
2599,MUSEO DE ARTE ESPAÑOL ENRIQUE LARRETA,MUSEO,BELGRANO,-34.561129,-58.455265
2600,MUSEO DE ARTE HISPANOAMERICANO ISAAC FERNANDEZ BLANCO,MUSEO,RETIRO,-34.590901,-58.379932
2601,MUSEO DE ARTE MODERNO DE BUENOS AIRES - MAMBA,MUSEO,SAN TELMO,-34.621892,-58.370727
2602,MUSEO DE ARTE POPULAR JOSE HERNANDEZ,MUSEO,PALERMO,-34.579834,-58.405196
2603,"MUSEO DE BELLAS DE LA BOCA DE ARTISTAS ARGENTINOS ""BENITO QUINQUELA MARTIN""",MUSEO,BOCA,-34.63908,-58.360936
2604,MUSEO DE BOMBEROS VOLUNTARIOS DE LA BOCA,MUSEO,BOCA,-34.635468,-58.361888
2605,"MUSEO DE CALCOS Y ESCULTURA COMPARADA ""ERNESTO DE LA CARCOVA""",MUSEO,PUERTO MADERO,-34.618044,-58.356544
2606,MUSEO DE ESCULTURAS LUIS PERLOTTI,MUSEO,CABALLITO,-34.615027,-58.448257
2607,"MUSEO DE FARMACO BOTANICA ""JUAN A. DOMINGUEZ""",MUSEO,RECOLETA,-34.597823,-58.397457
2608,MUSEO DE INFORMATICA. COMPUTADORAS Y ACCESORIOS INFORMATICOS,MUSEO,RETIRO,-34.596346,-58.377616
2609,MUSEO DE LA ADMINISTRACION FEDERAL DE INGRESOS PUBLICOS (AFIP),MUSEO,MONSERRAT,-34.608971,-58.371495
2610,"MUSEO DE LA ASOCIACION ATLETICA ARGENTINO JUNIORS ""EL TEMPLO DEL FUTBOL""",MUSEO,VILLA GRAL. MITRE,-34.606146,-58.473316
2611,MUSEO DE LA ASOCIACION DE ANESTESIA. ANALGESIA Y REANIMACION,MUSEO,CABALLITO,-34.617459,-58.450987
2612,MUSEO DE LA BALANZA BERNARDO FERNANDEZ DE DIOS,MUSEO,BARRACAS,-34.647656,-58.376585
2613,MUSEO DE LA CARICATURA SEVERO VACCARO,MUSEO,CONSTITUCION,-34.620262,-58.381524
2614,MUSEO DE LA CIUDAD -FARMACIA LA ESTRELLA,MUSEO,MONSERRAT,-34.610184,-58.372218
2615,MUSEO DE LA CIUDAD CASA DE LOS QUERUBINES,MUSEO,MONSERRAT,-34.609829,-58.372122
2616,MUSEO DE LA CIUDAD-ALTOS DE ELORRIAGA,MUSEO,MONSERRAT,-34.61013,-58.372304
2617,MUSEO DE LA DEUDA EXTERNA ARGENTINA,MUSEO,BALVANERA,-34.600011,-58.39871
2618,MUSEO DE LA DIPLOMACIA ARGENTINA,MUSEO,RETIRO,-34.594051,-58.378015
2619,MUSEO DE LA EMIGRACION GALLEGA EN LA ARGENTINA M.E.G.A.,MUSEO,SAN TELMO,-34.619138,-58.375875
2620,MUSEO DE LA ESCUELA HIPOLITO VIEYTES,MUSEO,CABALLITO,-34.609688,-58.45026
2621,"MUSEO DE LA FARMACIA ""DRA. ROSA DALESSIO DE CARNEVALE BONINO""",MUSEO,RECOLETA,-34.597823,-58.397457
2622,MUSEO DE LA GLORIA AJEDRECISTICA DEL CLUB ARGENTINO DE AJEDREZ,MUSEO,RECOLETA,-34.598711,-58.39396
2623,"MUSEO DE LA HISTORIA DE LA MEDICINA ""VICENTE ANIBAL RISOLIA""",MUSEO,RECOLETA,-34.597741,-58.39892
2624,MUSEO DE LA IGLESIA PARROQUIAL SAN PEDRO GONZALEZ TELMO Y SU CLAUSTRO HISTORICO,MUSEO,SAN TELMO,-34.6207,-58.370529
2625,MUSEO DE LA INMIGRACION Y EX HOTEL DE INMIGRANTES,MUSEO,RETIRO,-34.584995,-58.372173
2626,MUSEO DE LA LUZ,MUSEO,VILLA GRAL. MITRE,-34.611736,-58.467447
2627,MUSEO DE LA MUJER,MUSEO,SAN NICOLAS,-34.607083,-58.385382
2628,MUSEO DE LA PASION BOQUENSE,MUSEO,BOCA,-34.636469,-58.36438
2629,MUSEO DE LA POLICIA FEDERAL ARGENTINA,MUSEO,SAN NICOLAS,-34.603799,-58.373791
2630,MUSEO DE LA PSICOLOGIA EXPERIMENTAL EN ARGENTINA “DR. HORACIO G. PIÑERO”,MUSEO,BALVANERA,-34.619829,-58.408762
2631,MUSEO DE LA SEGURIDAD SOCIAL,MUSEO,SAN NICOLAS,-34.598912,-58.377157
2632,MUSEO DE LA SOCIEDAD ARGENTINA DE ESCRITORES,MUSEO,MONSERRAT,-34.614909,-58.373666
2633,MUSEO DE LA TELEVISION PUBLICA,MUSEO,RECOLETA,-34.581162,-58.396868
2634,MUSEO DE LAS ESCUELAS,MUSEO,SAN TELMO,-34.623066,-58.368048
2635,MUSEO DE LOS NIÑOS ABASTO,MUSEO,BALVANERA,-34.603955,-58.410672
2636,MUSEO DE LOS PATRICIOS DE BUENOS AYRES - REGIMIENTO DE INFANTERIA N°1,MUSEO,PALERMO,-34.576522,-58.426151
2637,MUSEO DE LOS TUNELES SANTA FELICITAS Y TEMPLO ESCONDIDO,MUSEO,BARRACAS,-34.636905,-58.372352
2638,MUSEO DE MAGDA FRANK,MUSEO,SAAVEDRA,-34.544793,-58.487051
2639,MUSEO DE MARCAPASOS Y PRECURSORES DE LA MEDICINA MODERNA,MUSEO,BALVANERA,-34.616556,-58.405643
2640,"MUSEO DE MINERALOGIA ""DOCTORA E. MERTOLA""",MUSEO,BELGRANO,-34.546475,-58.438501
2641,MUSEO DE PATOLOGIA DE LA UBA,MUSEO,RECOLETA,-34.597581,-58.398999
2642,MUSEO DE TIRO FEDERAL,MUSEO,NUÑEZ,-34.548438,-58.455283
2643,MUSEO DEL AGUA Y DE LA HISTORIA SANITARIA,MUSEO,BALVANERA,-34.600277,-58.394304
2644,MUSEO DEL AUDIFONO,MUSEO,SAN NICOLAS,-34.606637,-58.390057
2645,MUSEO DEL AUTOMOVIL,MUSEO,VILLA REAL,-34.620833,-58.526186
2646,MUSEO DEL AUTOMOVIL CLUB ARGENTINO,MUSEO,PALERMO,-34.582761,-58.399869
2647,MUSEO DEL BICENTENARIO,MUSEO,MONSERRAT,-34.609137,-58.369494
2648,MUSEO DEL CINE PABLO DUCROS HICKEN,MUSEO,BOCA,-34.629575,-58.356957
2649,MUSEO DEL HOLOCAUSTO DE BUENOS AIRES,MUSEO,RECOLETA,-34.598163,-58.389695
2650,MUSEO DEL HOMBRE,MUSEO,PALERMO,-34.56629,-58.44615
2651,MUSEO DEL HUMOR,MUSEO,PUERTO MADERO,-34.607272,-58.360625
2652,MUSEO DEL INMIGRANTE ITALIANO,MUSEO,PARQUE CHACABUCO,-34.634055,-58.430005
2653,MUSEO DEL LIBRO Y DE LA LENGUA,MUSEO,RECOLETA,-34.585316,-58.399482
2654,MUSEO DEL TRAJE,MUSEO,MONSERRAT,-34.616341,-58.377856
2655,MUSEO DEL TRAJE,MUSEO,MONSERRAT,-34.616341,-58.377856
2656,MUSEO DR. GENARO GIACOBINI,MUSEO,PARQUE PATRICIOS,-34.637311,-58.407177
2657,MUSEO ERNESTO CHE GUEVARA,MUSEO,CABALLITO,-34.618898,-58.442075
2658,"MUSEO ETNOGRAFICO ""JUAN BAUTISTA AMBROSETTI""",MUSEO,MONSERRAT,-34.611289,-58.371202
2659,MUSEO ETNOGRAFICO DE LAS OBRAS MISIONALES PONTIFICIAS,MUSEO,ALMAGRO,-34.601566,-58.420667
2660,MUSEO EVITA. INSTITUTO NACIONAL DE INVESTIGACIONES HISTORICAS EVA PERON.,MUSEO,PALERMO,-34.580734,-58.414667
2661,MUSEO FORENSE DE LA MORGUE JUDICIAL,MUSEO,BALVANERA,-34.600355,-58.397196
2662,MUSEO FOTOGRAFICO SIMIK,MUSEO,CHACARITA,-34.584401,-58.453574
2663,MUSEO FRANCISCANO JOSE MARIA BOTTARO,MUSEO,MONSERRAT,-34.610158,-58.371766
2664,MUSEO GEOGRAFICO,MUSEO,PARQUE PATRICIOS,-34.634087,-58.401266
2665,MUSEO HERMANO ESTEBAN LA SALLE,MUSEO,BALVANERA,-34.601473,-58.394213
2666,MUSEO HISPANOAMERICANO FDEZ BLANCO Y CASA GIRONDO,MUSEO,RETIRO,-34.590599,-58.37975
2667,MUSEO HISTORICO CORNELIO SAAVEDRA,MUSEO,VILLA URQUIZA,-34.568836,-58.50747
2668,MUSEO HISTORICO DE CERA,MUSEO,BOCA,-34.639184,-58.362002
2669,MUSEO HISTORICO DE GENDARMERIA NACIONAL,MUSEO,RETIRO,-34.580741,-58.375033
2670,MUSEO HISTORICO DE LA HONORABLE CAMARA DE DIPUTADOS,MUSEO,BALVANERA,-34.608196,-58.396002
2671,MUSEO HISTORICO DEL HOSPITAL RIVADAVIA,MUSEO,RECOLETA,-34.584358,-58.400812
2672,MUSEO HISTORICO GUILLERMO BERAZATEGUI,MUSEO,RECOLETA,-34.596603,-58.404905
2673,MUSEO HISTÓRICO IREP,MUSEO,BELGRANO,-34.5541,-58.441047
2674,MUSEO HISTORICO NACIONAL,MUSEO,SAN TELMO,-34.626626,-58.370973
2675,MUSEO HISTORICO NACIONAL DEL CABILDO Y DE LA REVOLUCION DE MAYO,MUSEO,MONSERRAT,-34.608851,-58.373567
2676,MUSEO HISTORICO SARMIENTO,MUSEO,BELGRANO,-34.56118,-58.45447
2677,MUSEO HISTORICO SARMIENTO,MUSEO,BELGRANO,-34.560831,-58.454416
2678,"MUSEO HISTORICO VECINAL DE FLORES ""BLANCA ANGELICA GANDINI""",MUSEO,FLORES,-34.627704,-58.470868
2679,MUSEO HISTORICO Y DE LAS TRADICIONES POPULARES DE LA BOCA,MUSEO,BOCA,-34.63894,-58.359097
2680,"MUSEO HISTORICO Y NUMISMATICO DEL BANCO CENTRAL DE LA REPUBLICA ARGENTINA ""DR. JOSE EVARISTO URIBURU""",MUSEO,SAN NICOLAS,-34.605334,-58.373775
2681,MUSEO HOSPITAL DURAND,MUSEO,CABALLITO,-34.610173,-58.438377
2682,MUSEO INTERACTIVO DE MATEMATICA - MATEUBA MUSEUM,MUSEO,BELGRANO,-34.546475,-58.438501
2683,MUSEO ITINERANTE DE ARTE CONTEMPORANEO DEL MERCOSUR ITIMUSEUM,MUSEO,PARQUE PATRICIOS,-34.636226,-58.401077
2684,MUSEO JUDIO DE BUENOS AIRES,MUSEO,SAN NICOLAS,-34.599634,-58.383952
2685,MUSEO KIM YUN SHIN,MUSEO,FLORES,-34.62334,-58.473773
2686,MUSEO KOSICE,MUSEO,ALMAGRO,-34.60097,-58.430648
2687,MUSEO LIBERO BADII,MUSEO,BELGRANO,-34.559973,-58.450167
2688,MUSEO MALVINAS E ISLAS DEL ATLANTICO SUR,MUSEO,NUÑEZ,-34.535739,-58.462536
2689,MUSEO MANOBLANCA,MUSEO,NUEVA POMPEYA,-34.651001,-58.423666
2690,MUSEO MARCO LA BOCA,MUSEO,BOCA,-34.636264,-58.35844
2691,MUSEO MEMORIAS DE SAN JUAN EVANGELISTA,MUSEO,BOCA,-34.636626,-58.359517
2692,MUSEO MITRE,MUSEO,SAN NICOLAS,-34.604075,-58.373849
2693,MUSEO MONTE PIEDAD,MUSEO,BOEDO,-34.623322,-58.416206
2694,MUSEO NACIONAL BELLAS ARTES,MUSEO,RECOLETA,-34.583673,-58.394746
2695,MUSEO NACIONAL DE ARTE DECORATIVO,MUSEO,PALERMO,-34.582442,-58.400859
2696,MUSEO NACIONAL DEL GRABADO,MUSEO,RECOLETA,-34.584762,-58.397754
2697,"MUSEO NACIONAL FERROVIARIO ""RAUL SCALABRINI ORTIZ""",MUSEO,RETIRO,-34.589982,-58.379361
2698,MUSEO NOTARIAL ARGENTINO,MUSEO,RECOLETA,-34.591321,-58.391548
2699,MUSEO PADRE ANTONIO DE MONTERROSO,MUSEO,COGHLAN,-34.559414,-58.479239
2700,"MUSEO PARLAMENTARIO ""SENADOR DOMINGO FAUSTINO SARMIENTO""",MUSEO,MONSERRAT,-34.610278,-58.390584
2701,"MUSEO PARTICIPATIVO DE CIENCIAS ""PROHIBIDO NO TOCAR""",MUSEO,RECOLETA,-34.586496,-58.391578
2702,MUSEO PARTICIPATIVO MINERO MUMIN,MUSEO,MONSERRAT,-34.610975,-58.375718
2703,MUSEO PENITENCIARIO ARGENTINO ANTONIO BALLVE,MUSEO,SAN TELMO,-34.620698,-58.371153
2704,MUSEO PORTEÑO LO DE GUSTAVO DEL CAMPO A LA CIUDAD,MUSEO,NUEVA POMPEYA,-34.65363,-58.428379
2705,MUSEO RACING DR. RAMON CEREIJO,MUSEO,VILLA DEL PARQUE,-34.602674,-58.491336
2706,MUSEO RIVER PLATE,MUSEO,BELGRANO,-34.54669,-58.449446
2707,MUSEO ROCA INSTITUTO DE INVESTIGACIONES HISTORICAS,MUSEO,RECOLETA,-34.587591,-58.395469
2708,MUSEO SCOUT MS CARLOS GIAMBASTIANI,MUSEO,AGRONOMIA,-34.590822,-58.48744
2709,MUSEO SCOUT NACIONAL,MUSEO,RETIRO,-34.5932,-58.384517
2710,MUSEO SENSORIAL DE TAXIDERMIAS DE LA AACC,MUSEO,PALERMO,-34.55786079,-58.42310058
2711,MUSEO SIVORI,MUSEO,PALERMO,-34.570719,-58.421165
2712,MUSEO TECNOLOGICO EDUARDO LATZINA,MUSEO,MONSERRAT,-34.615249,-58.368821
2713,MUSEO UBA,MUSEO,RECOLETA,-34.597192,-58.398067
2714,MUSEO VICENTE LOPEZ Y PLANES SADAIC,MUSEO,SAN NICOLAS,-34.60289,-58.38865
2715,MUSEO XUL SOLAR,MUSEO,RECOLETA,-34.594707,-58.407807
2716,MUSEO Y OBSERVATORIO DEL COLEGIO SAN JOSE,MUSEO,BALVANERA,-34.608561,-58.40146
2717,PLANETARIO GALILEO GALILEI,MUSEO,PALERMO,-34.5711024,-58.4115468
2718,REGIMIENTO DE GRANADEROS A CABALLO GRAL. SAN MARTIN,MUSEO,PALERMO,-34.571519,-58.434531
2719,THE CAVERN BUENOS AIRES - MUSEO BEATLE,MUSEO,SAN NICOLAS,-34.604339,-58.389891
2720,TORRE MONUMENTAL - CENTRO DE INFORMES DE MUSEOS,MUSEO,RETIRO,-34.593157,-58.374552
2743,743 MULTIESPACIO ARTISTICO,SALA DE TEATRO,SAN TELMO,-34.6234,-58.37632
2744,A.M.I.A.,SALA DE TEATRO,BALVANERA,-34.601782,-58.399712
2745,ABASTO SOCIAL CLUB,SALA DE TEATRO,ALMAGRO,-34.604404,-58.428917
2746,ABRE CLUB DE ARTE,SALA DE TEATRO,VILLA SANTA RITA,-34.608532,-58.481063
2747,ACTORS STUDIO TEATRO,SALA DE TEATRO,ALMAGRO,-34.608633,-58.420529
2748,AEREA TEATRO,SALA DE TEATRO,ALMAGRO,-34.610504,-58.427047
2749,AL ESCENARIO,SALA DE TEATRO,BOCA,-34.639669,-58.366385
2750,ALMABASTO,SALA DE TEATRO,BALVANERA,-34.604713,-58.413265
2751,AMIGARTE TEATRO,SALA DE TEATRO,MATADEROS,-34.65353,-58.50145
2752,AMOR CARTON,SALA DE TEATRO,CONSTITUCION,-34.61787,-58.384
2753,ANFITRION,SALA DE TEATRO,ALMAGRO,-34.616668,-58.413244
2754,ANIMAL,SALA DE TEATRO,ALMAGRO,-34.618412,-58.420588
2755,ANTIGUO TAMBO,SALA DE TEATRO,PARQUE AVELLANEDA,-34.6413,-58.47993
2756,APACHETA,SALA DE TEATRO,BARRACAS,-34.628158,-58.372142
2757,APOLO,SALA DE TEATRO,SAN NICOLAS,-34.604053,-58.386193
2758,AREA 623,SALA DE TEATRO,BALVANERA,-34.616498,-58.397756
2759,ARENA SUR,SALA DE TEATRO,NUEVA POMPEYA,-34.64477,-58.41626
2760,ARLEQUINO,SALA DE TEATRO,MONSERRAT,-34.611192,-58.387146
2761,ARTE ANTICA / TEATRO EL ANTICUARIO,SALA DE TEATRO,SAN TELMO,-34.61666,-58.37091
2762,ARTILUGIO TEATRO,SALA DE TEATRO,ALMAGRO,-34.605899,-58.426689
2763,ASTERION TEATRO,SALA DE TEATRO,BALVANERA,-34.60163,-58.40987
2764,ASTRAL,SALA DE TEATRO,SAN NICOLAS,-34.604175,-58.389894
2765,ASTROS,SALA DE TEATRO,SAN NICOLAS,-34.603522,-58.377283
2766,ASTURIAS,SALA DE TEATRO,MONSERRAT,-34.61455,-58.39043
2767,ASUNTO GUEVARA,SALA DE TEATRO,CHACARITA,-34.58619,-58.45206
2768,AUDITORIO ASOCIACION ITALIANA DE BELGRANO,SALA DE TEATRO,BELGRANO,-34.563151,-58.459903
2769,AUDITORIO BELGRANO,SALA DE TEATRO,BELGRANO,-34.566624,-58.449359
2770,AUDITORIO BEN AMI,SALA DE TEATRO,BALVANERA,-34.601521,-58.40797
2771,AUDITORIO CENDAS,SALA DE TEATRO,PALERMO,-34.595991,-58.416911
2772,AUDITORIO DE LA FUNDACION BEETHOVEN,SALA DE TEATRO,RECOLETA,-34.59583,-58.387836
2773,AUDITORIO LOSADA,SALA DE TEATRO,SAN NICOLAS,-34.60416,-58.388661
2774,AUDITORIO NAMUNCURA,SALA DE TEATRO,ALMAGRO,-34.621374,-58.423209
2775,AUDITORIO ROSA GATTORNO,SALA DE TEATRO,BELGRANO,-34.55443,-58.44857
2776,BAR MÁGICO TEATRO,SALA DE TEATRO,CONSTITUCION,-34.62004,-58.38931
2777,BARTOLOMEO,SALA DE TEATRO,SAN NICOLAS,-34.607717,-58.388328
2778,BELISARIO CLUB DE CULTURA,SALA DE TEATRO,SAN NICOLAS,-34.604328,-58.38975
2779,BORDER,SALA DE TEATRO,PALERMO,-34.586524,-58.432506
2780,BRILLA CORDELIA,SALA DE TEATRO,BALVANERA,-34.606983,-58.393799
2781,BRODWAY,SALA DE TEATRO,SAN NICOLAS,-34.603712,-58.383174
2782,CAFÉ ARTIGAS,SALA DE TEATRO,VILLA GRAL. MITRE,-34.61024,-58.47518
2783,CALIBAN,SALA DE TEATRO,MONSERRAT,-34.615546,-58.386411
2784,CARA A CARA,SALA DE TEATRO,VILLA DEL PARQUE,-34.606726,-58.484921
2785,CARLOS CARELLA,SALA DE TEATRO,SAN NICOLAS,-34.607252,-58.380237
2786,CASA TEATRO ESTUDIO,SALA DE TEATRO,ALMAGRO,-34.600266,-58.424571
2787,CÁSTOR Y PÓLUX,SALA DE TEATRO,CONSTITUCION,-34.61904,-58.37877
2788,CENTRO CREATIVO CABILDO,SALA DE TEATRO,SAAVEDRA,-34.541185,-58.474214
2789,CENTRO CULTURAL TEATRO FRAY MOCHO,SALA DE TEATRO,VILLA CRESPO,-34.595445,-58.429984
2790,CENTRO LATINOAMERICANO DE CREACION E INVESTIGACION TEATRAL - CELCIT -,SALA DE TEATRO,MONSERRAT,-34.611298,-58.372449
2791,CHACAREREAN TEATRE,SALA DE TEATRO,PALERMO,-34.581945,-58.433083
2792,CINE TEATRO BROWN,SALA DE TEATRO,BOCA,-34.636697,-58.358182
2793,CINE TEATRO EL PLATA,SALA DE TEATRO,MATADEROS,-34.6509,-58.50187
2794,CINE TEATRO SAN PEDRO,SALA DE TEATRO,MONTE CASTRO,-34.619678,-58.509309
2795,CINE TEATRO SOCIEDAD ITALIANA VITA NUOVA,SALA DE TEATRO,SAN NICOLAS,-34.60758,-58.37086
2796,CIRCE FABRICA DE ARTE,SALA DE TEATRO,VILLA CRESPO,-34.60463,-58.45107
2797,CIRCO DEL AIRE,SALA DE TEATRO,MONSERRAT,-34.615419,-58.376063
2798,CIRCUITO CULTURAL BARRACAS,SALA DE TEATRO,BARRACAS,-34.648945,-58.377847
2799,CLUB DE AMIGOS DE LA VACA PROFANA,SALA DE TEATRO,ALMAGRO,-34.599992,-58.417461
2800,CLUB DE LAS ARTES,SALA DE TEATRO,MONSERRAT,-34.617264,-58.383094
2801,CLUB DEFENSORES DE BRAVARD,SALA DE TEATRO,VILLA CRESPO,-34.59288,-58.434652
2802,CLUB DEL PROGRESO,SALA DE TEATRO,SAN NICOLAS,-34.605243,-58.385518
2803,CLUB ITALIANO,SALA DE TEATRO,CABALLITO,-34.616356,-58.432284
2804,CODIGO MONTESCO,SALA DE TEATRO,PALERMO,-34.595436,-58.42072
2805,COLUMBIA TEATRO,SALA DE TEATRO,SAN NICOLAS,-34.604143,-58.38845
2806,COMPAÑIA ARTISTICA ARCO IRIS,SALA DE TEATRO,ALMAGRO,-34.61765,-58.421674
2807,DANDELION,SALA DE TEATRO,RECOLETA,-34.59935,-58.40147
2808,DEL VIEJO PALERMO,SALA DE TEATRO,PALERMO,-34.585964,-58.437707
2809,DELBORDE ESPACIO TEATRAL,SALA DE TEATRO,SAN TELMO,-34.616146,-58.375046
2810,EIT29 ESTUDIO INTEGRAL DE TEATRO,SALA DE TEATRO,ALMAGRO,-34.604043,-58.418187
2811,EL ALAMBIQUE,SALA DE TEATRO,VILLA PUEYRREDON,-34.580742,-58.497506
2812,EL ARBOL. CENTRO DE INVESTIGACION TEATRAL,SALA DE TEATRO,VILLA ORTUZAR,-34.578934,-58.461746
2813,EL ARENAL TEATRO,SALA DE TEATRO,VILLA CRESPO,-34.598914,-58.436267
2814,EL ASTROLABIO TEATRO,SALA DE TEATRO,VILLA GRAL. MITRE,-34.611401,-58.464184
2815,EL ATAJO,SALA DE TEATRO,BELGRANO,-34.55861,-58.447796
2816,EL BRIO TEATRO,SALA DE TEATRO,VILLA ORTUZAR,-34.578716,-58.46438
2817,EL BULULU,SALA DE TEATRO,MONSERRAT,-34.60876,-58.385505
2818,EL CAMARIN DE LAS MUSAS,SALA DE TEATRO,ALMAGRO,-34.598519,-58.416097
2819,EL CARROMATO,SALA DE TEATRO,BELGRANO,-34.561153,-58.452853
2820,EL CRISOL,SALA DE TEATRO,VILLA CRESPO,-34.597469,-58.437377
2821,EL CUBO,SALA DE TEATRO,BALVANERA,-34.601797,-58.408855
2822,EL CUERVO,SALA DE TEATRO,MONSERRAT,-34.613715,-58.384666
2823,EL DESGUACE - TEATRO Y ALMACEN CULTURAL -,SALA DE TEATRO,ALMAGRO,-34.61994,-58.418019
2824,EL DUENDE TEATRO,SALA DE TEATRO,PALERMO,-34.592426,-58.42545
2825,EL ESPION,SALA DE TEATRO,BALVANERA,-34.61788,-58.394474
2826,EL EXCENTRICO DE LA 18°,SALA DE TEATRO,VILLA CRESPO,-34.594826,-58.431501
2827,EL FINO,SALA DE TEATRO,SAN NICOLAS,-34.60094,-58.38804
2828,EL GALPON DE CATALINAS,SALA DE TEATRO,BOCA,-34.629205,-58.358371
2829,EL GALPON DE GUEVARA,SALA DE TEATRO,CHACARITA,-34.587312,-58.449465
2830,EL GATO VIEJO,SALA DE TEATRO,RETIRO,-34.589982,-58.379361
2831,EL GHUETO,SALA DE TEATRO,MONSERRAT,-34.614681,-58.388336
2832,EL MÉTODO KAIROS,SALA DE TEATRO,PALERMO,-34.590637,-58.425368
2833,EL MUERERIO TEATRO,SALA DE TEATRO,CHACARITA,-34.588013,-58.439701
2834,EL OJO,SALA DE TEATRO,BALVANERA,-34.607132,-58.396782
2835,EL OPALO,SALA DE TEATRO,BALVANERA,-34.605023,-58.396769
2836,EL PISO TEATRO Y AFINES,SALA DE TEATRO,CABALLITO,-34.608844,-58.44154
2837,EL POPULAR,SALA DE TEATRO,BALVANERA,-34.6172,-58.39565
2838,EL PORTAL. TEATRO Y MULTIESPACIO INDEPENDIENTE,SALA DE TEATRO,BALVANERA,-34.602628,-58.409379
2839,EL PORTEÑO,SALA DE TEATRO,SAN NICOLAS,-34.604337,-58.389868
2840,EL PORTON DE SANCHEZ,SALA DE TEATRO,ALMAGRO,-34.598733,-58.413506
2841,EL SOTANO,SALA DE TEATRO,COLEGIALES,-34.577808,-58.450714
2842,EL TEMPLO ESPACIO CULTURAL,SALA DE TEATRO,CHACARITA,-34.57952303,-58.45619977
2843,EL TINGLADO,SALA DE TEATRO,ALMAGRO,-34.598673,-58.416105
2844,EL TRAILER BAR TEATRO,SALA DE TEATRO,PALERMO,-34.588938,-58.430038
2845,EL UNICORNIO CASA DE ARTISTA,SALA DE TEATRO,PATERNAL,-34.599848,-58.466865
2846,EL VICTORIAL,SALA DE TEATRO,SAN TELMO,-34.616612,-58.377373
2847,EL VITRAL,SALA DE TEATRO,SAN NICOLAS,-34.605049,-58.390859
2848,ELKAFKA ESPACIO CULTURAL,SALA DE TEATRO,ALMAGRO,-34.604831,-58.430569
2849,ENTRETELONES,SALA DE TEATRO,COLEGIALES,-34.575138,-58.460719
2850,ESPACIO 33,SALA DE TEATRO,BOEDO,-34.628013,-58.422527
2851,ESPACIO ABIERTO,SALA DE TEATRO,SAN NICOLAS,-34.605332,-58.380263
2852,ESPACIO AGUIRRE - TEATRO Y ESCUELA DE CLOWN,SALA DE TEATRO,VILLA CRESPO,-34.590794,-58.442172
2853,ESPACIO AMBIGU,SALA DE TEATRO,BALVANERA,-34.606794,-58.392601
2854,ESPACIO ARTISTICO COLETTE,SALA DE TEATRO,SAN NICOLAS,-34.604347,-58.38999
2855,ESPACIO BELGRANO,SALA DE TEATRO,BALVANERA,-34.61531,-58.41201
2856,ESPACIO CALLEJON,SALA DE TEATRO,ALMAGRO,-34.602233,-58.417288
2857,ESPACIO DE TEATRO BOEDO XXI,SALA DE TEATRO,BOEDO,-34.623251,-58.416377
2858,ESPACIO ECLECTICO,SALA DE TEATRO,SAN TELMO,-34.620885,-58.376216
2859,ESPACIO EL REFUGIO - TEATRO,SALA DE TEATRO,BOEDO,-34.6356,-58.419
2860,ESPACIO GADI,SALA DE TEATRO,BOEDO,-34.626025,-58.41958
2861,ESPACIO KABUKI,SALA DE TEATRO,VILLA CRESPO,-34.600113,-58.439339
2862,ESPACIO LA VEREDITA / TEATRO GARIBALDI,SALA DE TEATRO,ALMAGRO,-34.613029,-58.42848
2863,ESPACIO LAVALLEN,SALA DE TEATRO,CONSTITUCION,-34.621774,-58.390045
2864,ESPACIO LTK,SALA DE TEATRO,VILLA CRESPO,-34.593718,-58.433729
2865,ESPACIO POLONIA,SALA DE TEATRO,PALERMO,-34.58603,-58.43838
2866,ESPACIO PUNTO ARTE,SALA DE TEATRO,FLORES,-34.631178,-58.458322
2867,ESPACIO TBK,SALA DE TEATRO,VILLA GRAL. MITRE,-34.604686,-58.465647
2868,ESPACIO TEATRAL ALQUIMIA,SALA DE TEATRO,CHACARITA,-34.592328,-58.453058
2869,ESPACIO TEMPLUM,SALA DE TEATRO,BALVANERA,-34.605576,-58.395223
2870,ESPACIO TOLE TOLE TEATRO,SALA DE TEATRO,BALVANERA,-34.601269,-58.399753
2871,ESPACIO UTAKI,SALA DE TEATRO,BOCA,-34.641444,-58.362639
2872,ESPACIO ZUKRIC,SALA DE TEATRO,ALMAGRO,-34.605946,-58.423459
2873,ESTUDIO 84,SALA DE TEATRO,CABALLITO,-34.61142,-58.431346
2874,ESTUDIO DE DANZA MARGARITA BALI,SALA DE TEATRO,COLEGIALES,-34.573931,-58.453681
2875,ESTUDIO DE TEATRO LAFERRERE SE ARTAUD,SALA DE TEATRO,PARQUE AVELLANEDA,-34.645814,-58.473095
2876,ESTUDIO LOS VIDRIOS,SALA DE TEATRO,VILLA URQUIZA,-34.57062,-58.47709
2877,FANDANGO TEATRO,SALA DE TEATRO,VILLA CRESPO,-34.602434,-58.444144
2878,FLOR DE AZAFRÁN,SALA DE TEATRO,SAN TELMO,-34.62481,-58.37396
2879,FRIEDRICH FARRAY SOCIEDADES LEY 19550 CAPITULO I SECCION IV,SALA DE TEATRO,PALERMO,-34.585487,-58.443183
2880,FUNDACION MITICA,SALA DE TEATRO,PALERMO,-34.584999,-58.426623
2881,GALPON V,SALA DE TEATRO,BARRACAS,-34.636801,-58.390041
2882,GARGANTUA,SALA DE TEATRO,CHACARITA,-34.583381,-58.449159
2883,GRUPO DE TEATRO ALMA MATE DE FEORES,SALA DE TEATRO,FLORES,-34.6211854,-58.4739044
2884,GRUPO DE TEATRO COMUNITARIO POMPAPETRIYASOS DE PARQUE PATRICIOS,SALA DE TEATRO,PARQUE PATRICIOS,-34.6325986,-58.4031123
2885,GRUPO DE TEATRO COMUNITARIO RES O NO RES,SALA DE TEATRO,MATADEROS,-34.66119,-58.50183
2886,GRUPO LOS VILLURQUEROS,SALA DE TEATRO,VILLA URQUIZA,-34.568794,-58.482917
2887,GRUPO MATEMURGA DE VILLA CRESPO,SALA DE TEATRO,VILLA CRESPO,-34.605646,-58.449286
2888,HASTA TRILCE,SALA DE TEATRO,ALMAGRO,-34.61303,-58.416477
2889,HOTEL BAUEN,SALA DE TEATRO,BALVANERA,-34.605076,-58.392343
2890,IFT,SALA DE TEATRO,BALVANERA,-34.603685,-58.40641
2891,IMAGINE,SALA DE TEATRO,ALMAGRO,-34.61295,-58.419867
2892,"ÍTACA, COMPLEJO TEATRAL",SALA DE TEATRO,ALMAGRO,-34.60182,-58.42126
2893,JARDIN JAPONES,SALA DE TEATRO,PALERMO,-34.574521,-58.407622
2894,KALIMA CULTURAL,SALA DE TEATRO,PALERMO,-34.572986,-58.43986
2895,KORINTHIO TEATRO,SALA DE TEATRO,RECOLETA,-34.59454,-58.40541
2896,LA CALLE DE LOS TITERES,SALA DE TEATRO,BARRACAS,-34.63331,-58.38682
2897,LA CARAVANA,SALA DE TEATRO,VILLA CRESPO,-34.596023,-58.441909
2898,LA CARPINTERIA TEATRO,SALA DE TEATRO,BALVANERA,-34.600478,-58.407576
2899,LA CASA DE APOLO,SALA DE TEATRO,MONSERRAT,-34.61756,-58.38896
2900,LA CASONA,SALA DE TEATRO,BALVANERA,-34.604405,-58.394885
2901,LA COMEDIA,SALA DE TEATRO,RECOLETA,-34.596423,-58.391945
2902,LA DUMONT SALAS,SALA DE TEATRO,CHACARITA,-34.583598,-58.447832
2903,LA FABRICA,SALA DE TEATRO,VILLA CRESPO,-34.595464,-58.436655
2904,LA FABRICA DE EXPLOSIONES,SALA DE TEATRO,BOEDO,-34.630819,-58.420811
2905,LA FUGA CABRERA,SALA DE TEATRO,PALERMO,-34.590903,-58.430849
2906,LA GALERA,SALA DE TEATRO,PALERMO,-34.585827,-58.436408
2907,LA GLORIA ESPACIO TEATRAL,SALA DE TEATRO,ALMAGRO,-34.601329,-58.428461
2908,LA GOLONDRINA TEATRO,SALA DE TEATRO,BALVANERA,-34.606356,-58.403737
2909,LA GRADISCA,SALA DE TEATRO,SAN TELMO,-34.617792,-58.370815
2910,LA HORMIGA TEATRO,SALA DE TEATRO,COLEGIALES,-34.570994,-58.447007
2911,LA HUELLA ARTE EN MOVIMIENTO,SALA DE TEATRO,ALMAGRO,-34.601103,-58.417858
2912,LA MANSION FABRICA DE ARTE,SALA DE TEATRO,SAN NICOLAS,-34.607458,-58.383365
2913,LA MARAVILLOSA. CASA DE ARTE.,SALA DE TEATRO,PALERMO,-34.593447,-58.419517
2914,LA MASCARA,SALA DE TEATRO,SAN TELMO,-34.616809,-58.377361
2915,LA MUDA ESPACIO,SALA DE TEATRO,MONSERRAT,-34.615594,-58.383108
2916,LA MUECA TEATRO,SALA DE TEATRO,PALERMO,-34.595074,-58.425076
2917,LA NAVE SURREALISTA,SALA DE TEATRO,MONSERRAT,-34.61592,-58.384491
2918,LA PAUSA TEATRAL,SALA DE TEATRO,VILLA CRESPO,-34.60551,-58.44927
2919,LA RATONERA CULTURAL,SALA DE TEATRO,VILLA CRESPO,-34.596842,-58.442197
2920,LA SEDE TEATRO,SALA DE TEATRO,SAN NICOLAS,-34.60532,-58.387767
2921,LA SODERIA ESPACIO ARTISTICO FABRIL,SALA DE TEATRO,BELGRANO,-34.560087,-58.463839
2922,LA TERTULIA,SALA DE TEATRO,ALMAGRO,-34.599883,-58.412279
2923,LA VERBENA ALMACEN DE ARTE,SALA DE TEATRO,PALERMO,-34.589723,-58.416773
2924,LABORATORIO MARTE,SALA DE TEATRO,PALERMO,-34.582967,-58.442643
2925,LICEO,SALA DE TEATRO,SAN NICOLAS,-34.608864,-58.387538
2926,LOLA MEMBRIVES,SALA DE TEATRO,SAN NICOLAS,-34.603973,-58.3848
2927,MACHADO TEATRO,SALA DE TEATRO,CABALLITO,-34.606447,-58.440505
2928,MADERA DE SUEÑOS,SALA DE TEATRO,VILLA CRESPO,-34.595943,-58.432018
2929,MARGARITA XIRGU,SALA DE TEATRO,SAN TELMO,-34.618169,-58.375917
2930,MATEMURGA DE VILLA CRESPO,SALA DE TEATRO,VILLA CRESPO,-34.603221,-58.450179
2931,MEDIO MUNDO CLUB DE ARTE,SALA DE TEATRO,BALVANERA,-34.61068,-58.39685
2932,MEDITERRANEA - ESPACIO DE ARTE,SALA DE TEATRO,ALMAGRO,-34.600087,-58.413307
2933,METAURO ESPACIO CULTURAL,SALA DE TEATRO,VILLA GRAL. MITRE,-34.60794,-58.47221
2934,METROPOLITAN SURAN,SALA DE TEATRO,SAN NICOLAS,-34.603869,-58.385841
2935,MICROTEATRO,SALA DE TEATRO,VILLA CRESPO,-34.591972,-58.435145
2936,MIL80 TEATRO,SALA DE TEATRO,VILLA CRESPO,-34.59819,-58.44848
2937,MILOCHO TEATRO,SALA DE TEATRO,RECOLETA,-34.596871,-58.398889
2938,MIMOTEATRO ESCOBAR,SALA DE TEATRO,MONSERRAT,-34.614918,-58.371826
2939,MOSCU TEATRO,SALA DE TEATRO,VILLA CRESPO,-34.59807,-58.43692
2940,MOVAQ - AQUELARRE EN MOVIMIENTO,SALA DE TEATRO,VILLA CRESPO,-34.595724,-58.434739
2941,MULTITEATRO,SALA DE TEATRO,SAN NICOLAS,-34.60381,-58.384843
2942,ND ATENEO,SALA DE TEATRO,RETIRO,-34.597775,-58.380138
2943,NOAVESTRUZ ESPACIO DE CULTURA INDEPENDIENTE,SALA DE TEATRO,PALERMO,-34.583815,-58.434096
2944,NUN TEATRO BAR,SALA DE TEATRO,VILLA CRESPO,-34.598978,-58.436064
2945,OESTE USINA CULTURAL,SALA DE TEATRO,CABALLITO,-34.621435,-58.441071
2946,ONIRICO,SALA DE TEATRO,PALERMO,-34.576504,-58.436869
2947,OPERA,SALA DE TEATRO,SAN NICOLAS,-34.603628,-58.378947
2948,PAN Y ARTE TEATRO,SALA DE TEATRO,BOEDO,-34.623446,-58.416193
2949,PARAMO CULTURAL,SALA DE TEATRO,BOEDO,-34.624813,-58.421503
2950,PASEO LA PLAZA,SALA DE TEATRO,SAN NICOLAS,-34.604339,-58.389891
2951,PATERNAL TEATRO,SALA DE TEATRO,VILLA CRESPO,-34.605277,-58.452171
2952,PATIO DE ACTORES,SALA DE TEATRO,VILLA CRESPO,-34.593443,-58.432796
2953,PICADILLY,SALA DE TEATRO,SAN NICOLAS,-34.604203,-58.388157
2954,PLAZA COLOMBIA TEATRO BAR,SALA DE TEATRO,BARRACAS,-34.6381,-58.37479
2955,POLO CIRCO,SALA DE TEATRO,PARQUE PATRICIOS,-34.627894,-58.395219
2956,PROYECTO DANZA ESPACIO DE ARTE,SALA DE TEATRO,MONSERRAT,-34.610964,-58.391737
2957,PUERTA MEDRANO,SALA DE TEATRO,ALMAGRO,-34.602156,-58.420892
2958,QUERIDA ELENA,SALA DE TEATRO,BOCA,-34.63078,-58.369704
2959,RONDEMAN ABASTO,SALA DE TEATRO,BALVANERA,-34.602181,-58.41074
2960,SAINT ELMO,SALA DE TEATRO,SAN TELMO,-34.62102,-58.37415
2961,SALA DE MAQUINAS,SALA DE TEATRO,SAN NICOLAS,-34.602572,-58.383084
2962,SALA DE TEATRO ANA FRANK,SALA DE TEATRO,COGHLAN,-34.562846,-58.47083
2963,SALA JUAN BAUTISTA,SALA DE TEATRO,SAN NICOLAS,-34.605371,-58.388586
2964,SALA LA NAZCA,SALA DE TEATRO,FLORES,-34.621306,-58.473965
2965,SALA SIRANUSH,SALA DE TEATRO,PALERMO,-34.591661,-58.430751
2966,SALAS EQUIS,SALA DE TEATRO,ALMAGRO,-34.604236,-58.416901
2967,SERGIO SOUZA,SALA DE TEATRO,MONSERRAT,-34.608571,-58.383065
2968,SHA,SALA DE TEATRO,BALVANERA,-34.606002,-58.398611
2969,SILENCIO DE NEGRAS,SALA DE TEATRO,MONSERRAT,-34.616272,-58.387539
2970,SOCIEDAD HEBRAICA ARGENTINA (CINE TEATRO SHA),SALA DE TEATRO,BALVANERA,-34.605991,-58.398316
2971,STAND UP,SALA DE TEATRO,RECOLETA,-34.596799,-58.388289
2972,TABARIS,SALA DE TEATRO,SAN NICOLAS,-34.603434,-58.378552
2973,TADRON TEATRO,SALA DE TEATRO,PALERMO,-34.592114,-58.431647
2974,TEATRO ABSURDO DE PALERMO,SALA DE TEATRO,PALERMO,-34.583022,-58.440768
2975,TEATRO ALVEAR,SALA DE TEATRO,SAN NICOLAS,-34.604195,-58.390136
2976,TEATRO ANDAMIO ´90,SALA DE TEATRO,SAN NICOLAS,-34.60104,-58.388131
2977,TEATRO ANGEL GUIMERA,SALA DE TEATRO,SAN TELMO,-34.618169,-58.375917
2978,TEATRO ARTEBRIN 741,SALA DE TEATRO,BOCA,-34.63054,-58.35884
2979,TEATRO ASOCIACIÓN CALABRESA,SALA DE TEATRO,ALMAGRO,-34.61576,-58.42232
2980,TEATRO AVENIDA,SALA DE TEATRO,MONSERRAT,-34.60921,-58.383743
2981,TEATRO AZUL (EX NUEVO CORRIENTES AZUL),SALA DE TEATRO,VILLA CRESPO,-34.59358,-58.44545
2982,TEATRO BAMBALINAS,SALA DE TEATRO,SAN TELMO,-34.61914,-58.37588
2983,TEATRO BAR EL TEJÓN,SALA DE TEATRO,PATERNAL,-34.6035,-58.47127
2984,TEATRO BECKETT,SALA DE TEATRO,ALMAGRO,-34.601983,-58.414783
2985,TEATRO BUENAS ARTES,SALA DE TEATRO,PALERMO,-34.588005,-58.422405
2986,TEATRO BUENOS AIRES,SALA DE TEATRO,SAN NICOLAS,-34.6041,-58.39078
2987,TEATRO CIEGO,SALA DE TEATRO,PALERMO,-34.586186,-58.426382
2988,TEATRO COLISEO,SALA DE TEATRO,RETIRO,-34.59679,-58.383083
2989,TEATRO COLON,SALA DE TEATRO,SAN NICOLAS,-34.601054,-58.382442
2990,TEATRO COLONIAL,SALA DE TEATRO,MONSERRAT,-34.612625,-58.369777
2991,TEATRO CONTEMPORÁNEO,SALA DE TEATRO,SAN TELMO,-34.62304,-58.37167
2992,TEATRO DE LA FABULA,SALA DE TEATRO,BALVANERA,-34.604606,-58.411945
2993,TEATRO DE LA RIBERA,SALA DE TEATRO,BOCA,-34.639028,-58.360776
2994,TEATRO DEL ARTEFACTO,SALA DE TEATRO,BALVANERA,-34.617814,-58.394477
2995,TEATRO DEL BARRIO,SALA DE TEATRO,BOEDO,-34.63481,-58.41625
2996,TEATRO DEL GLOBO,SALA DE TEATRO,RETIRO,-34.596797,-58.383259
2997,TEATRO DEL PASILLO,SALA DE TEATRO,ALMAGRO,-34.611903,-58.419509
2998,TEATRO DEL PERRO,SALA DE TEATRO,CHACARITA,-34.590345,-58.446113
2999,TEATRO DEL PUEBLO,SALA DE TEATRO,ALMAGRO,-34.600341,-58.416667
3000,TEATRO DEVOTO,SALA DE TEATRO,VILLA DEVOTO,-34.5999,-58.5076
3001,TEATRO EL CARNERO,SALA DE TEATRO,VILLA DEVOTO,-34.611825,-58.512586
3002,TEATRO EL CONVENTO,SALA DE TEATRO,SAN NICOLAS,-34.604606,-58.372345
3003,TEATRO EL DAMERO,SALA DE TEATRO,BALVANERA,-34.616446,-58.406856
3004,TEATRO EL EXTRANJERO,SALA DE TEATRO,BALVANERA,-34.605167,-58.413018
3005,TEATRO EL NACIONAL SANCOR SEGUROS,SALA DE TEATRO,SAN NICOLAS,-34.603711,-58.38037
3006,TEATRO EL PICCOLINO,SALA DE TEATRO,PALERMO,-34.581223,-58.433042
3007,TEATRO EL TROMPO,SALA DE TEATRO,ALMAGRO,-34.605921,-58.414851
3008,TEATRO EL TUNEL,SALA DE TEATRO,VILLA CRESPO,-34.595106,-58.434674
3009,TEATRO EMPIRE,SALA DE TEATRO,BALVANERA,-34.610507,-58.394029
3010,TEATRO ESCUELA LO DE GUIDI,SALA DE TEATRO,BALVANERA,-34.605027,-58.39375
3011,TEATRO EUREKA,SALA DE TEATRO,ALMAGRO,-34.602756,-58.425166
3012,TEATRO FLORES,SALA DE TEATRO,FLORESTA,-34.632229,-58.474756
3013,TEATRO GASTON BARRAL,SALA DE TEATRO,ALMAGRO,-34.612486,-58.425413
3014,TEATRO GRAN RIVADAVIA,SALA DE TEATRO,VELEZ SARSFIELD,-34.634822,-58.485368
3015,TEATRO LA MUECA,SALA DE TEATRO,VILLA CRESPO,-34.58977,-58.437057
3016,TEATRO LA OTRA ORILLA,SALA DE TEATRO,BALVANERA,-34.61185,-58.410157
3017,TEATRO LA RANCHERIA,SALA DE TEATRO,MONSERRAT,-34.615375,-58.38247
3018,TEATRO LIBERARTE BODEGA CULTURAL,SALA DE TEATRO,SAN NICOLAS,-34.604164,-58.388721
3019,TEATRO LUDE,SALA DE TEATRO,RECOLETA,-34.599017,-58.38974
3020,TEATRO LUISA VEHIL,SALA DE TEATRO,BALVANERA,-34.611572,-58.410775
3021,TEATRO MAIPO,SALA DE TEATRO,SAN NICOLAS,-34.603059,-58.37806
3022,TEATRO MOLIERE,SALA DE TEATRO,MONSERRAT,-34.61557,-58.37054
3023,TEATRO MULTIESCENA CPM,SALA DE TEATRO,SAN NICOLAS,-34.60447,-58.39166
3024,TEATRO NACIONAL ARGENTINO - TEATRO CERVANTES,SALA DE TEATRO,RETIRO,-34.598841,-58.384013
3025,TEATRO ÑACA,SALA DE TEATRO,VILLA CRESPO,-34.59704,-58.43057
3026,TEATRO ORFEO,SALA DE TEATRO,PALERMO,-34.563851,-58.44218
3027,TEATRO PAYRO,SALA DE TEATRO,SAN NICOLAS,-34.598998,-58.374198
3028,TEATRO PICADERO,SALA DE TEATRO,BALVANERA,-34.603919,-58.393263
3029,TEATRO POLITEAMA,SALA DE TEATRO,SAN NICOLAS,-34.60446,-58.38786
3030,TEATRO POPULAR LA OTRA COSA,SALA DE TEATRO,PALERMO,-34.58371,-58.43783
3031,TEATRO PREMIER,SALA DE TEATRO,SAN NICOLAS,-34.604176,-58.388872
3032,TEATRO QUIRÓN,SALA DE TEATRO,PARQUE CHACABUCO,-34.630767,-58.426025
3033,TEATRO REDUCI,SALA DE TEATRO,CONSTITUCION,-34.62536,-58.38716
3034,TEATRO REGINA - TSU,SALA DE TEATRO,RETIRO,-34.595546,-58.384949
3035,TEATRO REGIO,SALA DE TEATRO,CHACARITA,-34.584184,-58.445789
3036,TEATRO RIO COLORADO,SALA DE TEATRO,MONTE CASTRO,-34.61457,-58.50567
3037,TEATRO SAN MARTIN,SALA DE TEATRO,SAN NICOLAS,-34.604241,-58.388642
3038,TEATRO SARMIENTO,SALA DE TEATRO,PALERMO,-34.579214,-58.418918
3039,TEATRO SOCIEDAD FRIULANA,SALA DE TEATRO,VILLA DEVOTO,-34.60272,-58.508583
3040,TEATRO TALLER DEL ANGEL,SALA DE TEATRO,RECOLETA,-34.595204,-58.414823
3041,TEATRO TALLER EL GRITO,SALA DE TEATRO,PALERMO,-34.583616,-58.433374
3042,TEATRO TIMBRE 4,SALA DE TEATRO,ALMAGRO,-34.620216,-58.41651
3043,TEATRO TIMBRE 4,SALA DE TEATRO,ALMAGRO,-34.619803,-58.415884
3044,TEATRO VERDI,SALA DE TEATRO,BOCA,-34.631207,-58.361858
3045,TEATRO-BAR EL JUVENIL,SALA DE TEATRO,ALMAGRO,-34.602445,-58.429136
3046,TERCER ACTO (EX LA CLAC),SALA DE TEATRO,MONSERRAT,-34.609231,-58.382906
3047,TERRAZA TEATRO BAR,SALA DE TEATRO,SAN NICOLAS,-34.60434,-58.38989
3048,TROMVARTE,SALA DE TEATRO,PALERMO,-34.587275,-58.431127
3049,UMBRAL ESPACIO DE ARTE,SALA DE TEATRO,ALMAGRO,-34.608671,-58.422551
3050,UNIVERSIDAD NACIONAL DE SAN MARTIN,SALA DE TEATRO,BALVANERA,-34.609548,-58.414528
3051,VERA VERA TEATRO,SALA DE TEATRO,VILLA CRESPO,-34.602244,-58.434655
3052,VICEVERSA ARTE EN CONVIVENCIA,SALA DE TEATRO,PALERMO,-34.582985,-58.439692
3053,ZELAYA,SALA DE TEATRO,BALVANERA,-34.601588,-58.410038
